<?xml version="1.0" encoding="UTF-8"?>
<office:document-content xmlns:office="urn:oasis:names:tc:opendocument:xmlns:office:1.0" xmlns:style="urn:oasis:names:tc:opendocument:xmlns:style:1.0" xmlns:text="urn:oasis:names:tc:opendocument:xmlns:text:1.0" xmlns:table="urn:oasis:names:tc:opendocument:xmlns:table:1.0" xmlns:draw="urn:oasis:names:tc:opendocument:xmlns:drawing:1.0" xmlns:fo="urn:oasis:names:tc:opendocument:xmlns:xsl-fo-compatible:1.0" xmlns:xlink="http://www.w3.org/1999/xlink" xmlns:dc="http://purl.org/dc/elements/1.1/" xmlns:meta="urn:oasis:names:tc:opendocument:xmlns:meta:1.0" xmlns:number="urn:oasis:names:tc:opendocument:xmlns:datastyle:1.0" xmlns:svg="urn:oasis:names:tc:opendocument:xmlns:svg-compatible:1.0" xmlns:chart="urn:oasis:names:tc:opendocument:xmlns:chart:1.0" xmlns:dr3d="urn:oasis:names:tc:opendocument:xmlns:dr3d:1.0" xmlns:math="http://www.w3.org/1998/Math/MathML" xmlns:form="urn:oasis:names:tc:opendocument:xmlns:form:1.0" xmlns:script="urn:oasis:names:tc:opendocument:xmlns:script:1.0" xmlns:ooo="http://openoffice.org/2004/office" xmlns:ooow="http://openoffice.org/2004/writer" xmlns:oooc="http://openoffice.org/2004/calc" xmlns:dom="http://www.w3.org/2001/xml-events" xmlns:xforms="http://www.w3.org/2002/xforms" xmlns:xsd="http://www.w3.org/2001/XMLSchema" xmlns:xsi="http://www.w3.org/2001/XMLSchema-instance" xmlns:rpt="http://openoffice.org/2005/report" xmlns:of="urn:oasis:names:tc:opendocument:xmlns:of:1.2" xmlns:xhtml="http://www.w3.org/1999/xhtml" xmlns:grddl="http://www.w3.org/2003/g/data-view#" xmlns:tableooo="http://openoffice.org/2009/table" xmlns:field="urn:openoffice:names:experimental:ooo-ms-interop:xmlns:field:1.0" xmlns:formx="urn:openoffice:names:experimental:ooxml-odf-interop:xmlns:form:1.0" xmlns:css3t="http://www.w3.org/TR/css3-text/"><office:scripts/><office:font-face-decls><style:font-face style:name="OpenSymbol" svg:font-family="OpenSymbol" style:font-adornments="Regular" style:font-charset="x-symbol"/><style:font-face style:name="Wingdings" svg:font-family="Wingdings" style:font-pitch="variable" style:font-charset="x-symbol"/><style:font-face style:name="Wingdings1" svg:font-family="Wingdings" style:font-adornments="Regular" style:font-pitch="variable" style:font-charset="x-symbol"/><style:font-face style:name="Symbol" svg:font-family="Symbol" style:font-family-generic="roman" style:font-pitch="variable" style:font-charset="x-symbol"/><style:font-face style:name="Arial" svg:font-family="Arial"/><style:font-face style:name="Cantarell" svg:font-family="Cantarell" style:font-adornments="Regular"/><style:font-face style:name="StarSymbol" svg:font-family="StarSymbol"/><style:font-face style:name="Lucida Sans4" svg:font-family="&apos;Lucida Sans&apos;" style:font-family-generic="swiss"/><style:font-face style:name="Lucida Sans2" svg:font-family="&apos;Lucida Sans&apos;" style:font-adornments="Normal" style:font-family-generic="swiss"/><style:font-face style:name="Courier New" svg:font-family="&apos;Courier New&apos;" style:font-adornments="Normal" style:font-family-generic="modern" style:font-pitch="fixed"/><style:font-face style:name="DejaVu Sans Mono" svg:font-family="&apos;DejaVu Sans Mono&apos;" style:font-family-generic="modern" style:font-pitch="fixed"/><style:font-face style:name="Arial2" svg:font-family="Arial" style:font-pitch="variable"/><style:font-face style:name="Arial Unicode MS" svg:font-family="&apos;Arial Unicode MS&apos;" style:font-pitch="variable"/><style:font-face style:name="DejaVu Sans1" svg:font-family="&apos;DejaVu Sans&apos;" style:font-pitch="variable"/><style:font-face style:name="Tahoma" svg:font-family="Tahoma" style:font-pitch="variable"/><style:font-face style:name="Times New Roman" svg:font-family="&apos;Times New Roman&apos;" style:font-family-generic="roman" style:font-pitch="variable"/><style:font-face style:name="Arial1" svg:font-family="Arial" style:font-family-generic="swiss" style:font-pitch="variable"/><style:font-face style:name="Lucida Sans3" svg:font-family="&apos;Lucida Sans&apos;" style:font-family-generic="swiss" style:font-pitch="variable"/><style:font-face style:name="Lucida Sans1" svg:font-family="&apos;Lucida Sans&apos;" style:font-adornments="Demibold" style:font-family-generic="swiss" style:font-pitch="variable"/><style:font-face style:name="Lucida Sans" svg:font-family="&apos;Lucida Sans&apos;" style:font-adornments="Normal" style:font-family-generic="swiss" style:font-pitch="variable"/><style:font-face style:name="DejaVu Sans" svg:font-family="&apos;DejaVu Sans&apos;" style:font-family-generic="system" style:font-pitch="variable"/></office:font-face-decls><office:automatic-styles><style:style style:name="Validation" style:family="table"><style:table-properties style:width="6.6931in" fo:margin-left="0in" fo:margin-right="0in" table:align="margins" style:may-break-between-rows="false"/></style:style><style:style style:name="Validation.A" style:family="table-column"><style:table-column-properties style:column-width="1.2993in" style:rel-column-width="12722*"/></style:style><style:style style:name="Validation.B" style:family="table-column"><style:table-column-properties style:column-width="1.9299in" style:rel-column-width="18896*"/></style:style><style:style style:name="Validation.C" style:family="table-column"><style:table-column-properties style:column-width="1.7903in" style:rel-column-width="17529*"/></style:style><style:style style:name="Validation.D" style:family="table-column"><style:table-column-properties style:column-width="1.6736in" style:rel-column-width="16388*"/></style:style><style:style style:name="Validation.1" style:family="table-row"><style:table-row-properties style:min-row-height="0.1313in"/></style:style><style:style style:name="Validation.A1" style:family="table-cell" style:data-style-name="N5100"><style:table-cell-properties style:vertical-align="middle" fo:background-color="#0066a2" fo:padding="0.0194in" fo:border-left="0.05pt solid #000000" fo:border-right="none" fo:border-top="0.05pt solid #000000" fo:border-bottom="0.05pt solid #829dc7"><style:background-image/></style:table-cell-properties></style:style><style:style style:name="Validation.B1" style:family="table-cell" style:data-style-name="N5100"><style:table-cell-properties style:vertical-align="middle" fo:background-color="#0066a2" fo:padding="0.0194in" fo:border-left="none" fo:border-right="none" fo:border-top="0.05pt solid #000000" fo:border-bottom="0.05pt solid #829dc7"><style:background-image/></style:table-cell-properties></style:style><style:style style:name="Validation.D1" style:family="table-cell" style:data-style-name="N5100"><style:table-cell-properties style:vertical-align="middle" fo:background-color="#0066a2" fo:padding="0.0194in" fo:border-left="none" fo:border-right="0.05pt solid #000000" fo:border-top="0.05pt solid #000000" fo:border-bottom="0.05pt solid #829dc7"><style:background-image/></style:table-cell-properties></style:style><style:style style:name="Validation.A2" style:family="table-cell" style:data-style-name="N5100"><style:table-cell-properties style:vertical-align="middle" fo:background-color="transparent" fo:padding="0.0194in" fo:border-left="0.05pt solid #000000" fo:border-right="none" fo:border-top="0.05pt solid #000000" fo:border-bottom="0.05pt solid #0066a2"><style:background-image/></style:table-cell-properties></style:style><style:style style:name="Validation.B2" style:family="table-cell"><style:table-cell-properties style:vertical-align="middle" fo:background-color="transparent" fo:padding="0.0194in" fo:border-left="0.05pt solid #829dc7" fo:border-right="none" fo:border-top="0.05pt solid #000000" fo:border-bottom="0.05pt solid #0066a2"><style:background-image/></style:table-cell-properties></style:style><style:style style:name="Validation.C2" style:family="table-cell"><style:table-cell-properties style:vertical-align="middle" fo:background-color="transparent" fo:padding="0.0194in" fo:border-left="0.05pt solid #829dc7" fo:border-right="none" fo:border-top="0.05pt solid #000000" fo:border-bottom="0.05pt solid #0066a2"><style:background-image/></style:table-cell-properties></style:style><style:style style:name="Validation.D2" style:family="table-cell"><style:table-cell-properties style:vertical-align="middle" fo:background-color="transparent" fo:padding="0.0194in" fo:border-left="0.05pt solid #829dc7" fo:border-right="0.05pt solid #000000" fo:border-top="0.05pt solid #000000" fo:border-bottom="0.05pt solid #0066a2"><style:background-image/></style:table-cell-properties></style:style><style:style style:name="Validation.A3" style:family="table-cell" style:data-style-name="N5100"><style:table-cell-properties style:vertical-align="middle" fo:background-color="transparent" fo:padding="0.0194in" fo:border-left="0.05pt solid #000000" fo:border-right="none" fo:border-top="none" fo:border-bottom="0.05pt solid #000000"><style:background-image/></style:table-cell-properties></style:style><style:style style:name="Validation.B3" style:family="table-cell"><style:table-cell-properties style:vertical-align="middle" fo:background-color="transparent" fo:padding="0.0194in" fo:border-left="0.05pt solid #829dc7" fo:border-right="none" fo:border-top="none" fo:border-bottom="0.05pt solid #000000"><style:background-image/></style:table-cell-properties></style:style><style:style style:name="Validation.C3" style:family="table-cell"><style:table-cell-properties style:vertical-align="middle" fo:background-color="transparent" fo:padding="0.0194in" fo:border-left="0.05pt solid #829dc7" fo:border-right="none" fo:border-top="none" fo:border-bottom="0.05pt solid #000000"><style:background-image/></style:table-cell-properties></style:style><style:style style:name="Validation.D3" style:family="table-cell"><style:table-cell-properties style:vertical-align="middle" fo:background-color="transparent" fo:padding="0.0194in" fo:border-left="0.05pt solid #829dc7" fo:border-right="0.05pt solid #000000" fo:border-top="none" fo:border-bottom="0.05pt solid #000000"><style:background-image/></style:table-cell-properties></style:style><style:style style:name="Validation.B4" style:family="table-cell" style:data-style-name="N5000"><style:table-cell-properties style:vertical-align="middle" fo:background-color="transparent" fo:padding="0.0194in" fo:border-left="0.05pt solid #829dc7" fo:border-right="none" fo:border-top="none" fo:border-bottom="0.05pt solid #000000"><style:background-image/></style:table-cell-properties></style:style><style:style style:name="Validation.D4" style:family="table-cell" style:data-style-name="N5000"><style:table-cell-properties style:vertical-align="middle" fo:background-color="transparent" fo:padding="0.0194in" fo:border-left="0.05pt solid #829dc7" fo:border-right="0.05pt solid #000000" fo:border-top="none" fo:border-bottom="0.05pt solid #000000"><style:background-image/></style:table-cell-properties></style:style><style:style style:name="Tableau2" style:family="table"><style:table-properties style:width="6.6931in" fo:margin-left="0in" fo:margin-right="0in" table:align="margins" style:may-break-between-rows="false"/></style:style><style:style style:name="Tableau2.A" style:family="table-column"><style:table-column-properties style:column-width="0.5896in" style:rel-column-width="5772*"/></style:style><style:style style:name="Tableau2.B" style:family="table-column"><style:table-column-properties style:column-width="0.9382in" style:rel-column-width="9186*"/></style:style><style:style style:name="Tableau2.C" style:family="table-column"><style:table-column-properties style:column-width="5.1653in" style:rel-column-width="50577*"/></style:style><style:style style:name="Tableau2.1" style:family="table-row"><style:table-row-properties style:min-row-height="0.1313in"/></style:style><style:style style:name="Tableau2.A1" style:family="table-cell" style:data-style-name="N5100"><style:table-cell-properties style:vertical-align="middle" fo:background-color="#0066a2" fo:padding="0.0194in" fo:border-left="0.05pt solid #000000" fo:border-right="none" fo:border-top="0.05pt solid #000000" fo:border-bottom="0.05pt solid #829dc7"><style:background-image/></style:table-cell-properties></style:style><style:style style:name="Tableau2.B1" style:family="table-cell" style:data-style-name="N5100"><style:table-cell-properties style:vertical-align="middle" fo:background-color="#0066a2" fo:padding="0.0194in" fo:border-left="none" fo:border-right="none" fo:border-top="0.05pt solid #000000" fo:border-bottom="0.05pt solid #829dc7"><style:background-image/></style:table-cell-properties></style:style><style:style style:name="Tableau2.C1" style:family="table-cell" style:data-style-name="N5100"><style:table-cell-properties style:vertical-align="middle" fo:background-color="#0066a2" fo:padding="0.0194in" fo:border-left="none" fo:border-right="0.05pt solid #000000" fo:border-top="0.05pt solid #000000" fo:border-bottom="0.05pt solid #829dc7"><style:background-image/></style:table-cell-properties></style:style><style:style style:name="Tableau2.A2" style:family="table-cell" style:data-style-name="N5100"><style:table-cell-properties style:vertical-align="middle" fo:background-color="transparent" fo:padding="0.0194in" fo:border-left="0.05pt solid #000000" fo:border-right="none" fo:border-top="none" fo:border-bottom="0.05pt solid #000000"><style:background-image/></style:table-cell-properties></style:style><style:style style:name="Tableau2.B2" style:family="table-cell"><style:table-cell-properties style:vertical-align="middle" fo:background-color="transparent" fo:padding="0.0194in" fo:border-left="0.05pt solid #829dc7" fo:border-right="none" fo:border-top="none" fo:border-bottom="0.05pt solid #000000"><style:background-image/></style:table-cell-properties></style:style><style:style style:name="Tableau2.C2" style:family="table-cell"><style:table-cell-properties style:vertical-align="middle" fo:background-color="transparent" fo:padding="0.0194in" fo:border-left="0.05pt solid #829dc7" fo:border-right="0.05pt solid #000000" fo:border-top="none" fo:border-bottom="0.05pt solid #000000"><style:background-image/></style:table-cell-properties></style:style><style:style style:name="Tableau2.B3" style:family="table-cell"><style:table-cell-properties style:vertical-align="middle" fo:background-color="transparent" fo:padding="0.0194in" fo:border-left="0.05pt solid #829dc7" fo:border-right="none" fo:border-top="none" fo:border-bottom="0.05pt solid #000000"><style:background-image/></style:table-cell-properties></style:style><style:style style:name="Tableau2.C3" style:family="table-cell"><style:table-cell-properties style:vertical-align="middle" fo:background-color="transparent" fo:padding="0.0194in" fo:border-left="0.05pt solid #829dc7" fo:border-right="0.05pt solid #000000" fo:border-top="none" fo:border-bottom="0.05pt solid #000000"><style:background-image/></style:table-cell-properties></style:style><style:style style:name="Table1" style:family="table"><style:table-properties style:width="6.6931in" table:align="margins"/></style:style><style:style style:name="Table1.A" style:family="table-column"><style:table-column-properties style:column-width="6.6931in" style:rel-column-width="65535*"/></style:style><style:style style:name="Table1.A1" style:family="table-cell"><style:table-cell-properties fo:padding="0.0382in" fo:border="0.05pt solid #000000"/></style:style><style:style style:name="P1" style:family="paragraph" style:parent-style-name="Header"><style:paragraph-properties fo:line-height="100%"/></style:style><style:style style:name="P2" style:family="paragraph" style:parent-style-name="Header"><style:paragraph-properties fo:line-height="100%"><style:tab-stops><style:tab-stop style:position="3.3465in" style:type="center" style:leader-style="solid" style:leader-text="_"/><style:tab-stop style:position="6.6929in" style:type="right" style:leader-style="solid" style:leader-text="_"/></style:tab-stops></style:paragraph-properties><style:text-properties style:font-name="Arial1" fo:font-size="2pt" fo:font-weight="bold" style:font-size-asian="2pt" style:font-weight-asian="bold" style:font-size-complex="2pt" style:font-weight-complex="bold"/></style:style><style:style style:name="P3" style:family="paragraph" style:parent-style-name="Table_20_Contents"><style:paragraph-properties fo:text-align="center" style:justify-single-word="false"/></style:style><style:style style:name="P4" style:family="paragraph" style:parent-style-name="Table_20_Contents"><style:paragraph-properties fo:line-height="0.0783in"/><style:text-properties style:font-name="Lucida Sans3" fo:font-size="6pt" fo:font-weight="bold" style:font-size-asian="6pt" style:font-weight-asian="bold" style:font-size-complex="6pt" style:font-weight-complex="bold"/></style:style><style:style style:name="P5" style:family="paragraph" style:parent-style-name="Table_20_Contents"><style:paragraph-properties fo:text-align="center" style:justify-single-word="false"/><style:text-properties fo:color="#000000" style:text-outline="false" style:text-line-through-style="none" style:font-name="Lucida Sans4" fo:font-size="8pt" fo:font-style="normal" fo:text-shadow="none" style:text-underline-style="none" fo:font-weight="bold" style:font-size-asian="8pt" style:font-style-asian="normal" style:font-weight-asian="bold" style:font-size-complex="8pt" style:font-style-complex="normal" style:font-weight-complex="bold" style:text-overline-style="none" style:text-overline-color="font-color"/></style:style><style:style style:name="P6" style:family="paragraph" style:parent-style-name="Standard"><style:text-properties fo:font-size="2pt" style:font-size-asian="2pt" style:font-size-complex="2pt"/></style:style><style:style style:name="P7" style:family="paragraph" style:parent-style-name="Standard"><style:paragraph-properties fo:text-align="center" style:justify-single-word="false"/></style:style><style:style style:name="P8" style:family="paragraph" style:parent-style-name="Standard"><style:paragraph-properties fo:line-height="0.0783in"/><style:text-properties style:font-name="Lucida Sans3" fo:font-size="6pt" fo:font-weight="bold" style:font-size-asian="6pt" style:font-weight-asian="bold" style:font-size-complex="6pt" style:font-weight-complex="bold"/></style:style><style:style style:name="P9" style:family="paragraph" style:parent-style-name="Footer"><style:text-properties style:font-name="Arial1" fo:font-size="6pt" style:font-size-asian="6pt" style:font-size-complex="6pt"/></style:style><style:style style:name="P10" style:family="paragraph" style:parent-style-name="Frame_20_contents"><style:paragraph-properties fo:text-align="center" style:justify-single-word="false"/><style:text-properties fo:font-size="9pt" style:font-size-asian="9pt" style:font-size-complex="9pt"/></style:style><style:style style:name="P11" style:family="paragraph" style:parent-style-name="Standard" style:master-page-name=""><style:paragraph-properties fo:margin-top="0.0783in" fo:margin-bottom="0in" style:page-number="auto" style:vertical-align="bottom"><style:tab-stops><style:tab-stop style:position="6.6827in" style:type="right"/></style:tab-stops></style:paragraph-properties><style:text-properties fo:color="#000000" style:text-outline="false" style:text-line-through-style="none" style:font-name="Lucida Sans3" fo:font-size="6pt" fo:font-style="normal" fo:text-shadow="none" style:text-underline-style="none" fo:font-weight="normal" style:font-name-asian="Lucida Sans3" style:font-size-asian="6pt" style:font-style-asian="normal" style:font-weight-asian="normal" style:font-name-complex="Lucida Sans3" style:font-size-complex="6pt" style:font-style-complex="normal" style:font-weight-complex="normal" style:text-emphasize="none"/></style:style><style:style style:name="P12" style:family="paragraph" style:parent-style-name="Standard"><style:paragraph-properties fo:margin-left="2.9528in" fo:margin-right="0in" fo:margin-top="0.5902in" fo:margin-bottom="0.1965in" fo:text-align="center" style:justify-single-word="false" fo:text-indent="0in" style:auto-text-indent="false"><style:tab-stops/></style:paragraph-properties><style:text-properties style:font-name="Lucida Sans3" fo:font-size="14pt" style:font-size-asian="14pt" style:font-size-complex="14pt"/></style:style><style:style style:name="P13" style:family="paragraph" style:parent-style-name="Standard"><style:paragraph-properties fo:margin-left="2.9528in" fo:margin-right="0in" fo:margin-top="0in" fo:margin-bottom="0.5902in" fo:line-height="100%" fo:text-align="center" style:justify-single-word="false" style:register-true="true" fo:text-indent="0in" style:auto-text-indent="false" fo:background-color="transparent" style:shadow="none"><style:tab-stops/><style:background-image/></style:paragraph-properties><style:text-properties style:font-name="Lucida Sans3" fo:font-size="14pt" fo:font-weight="normal" style:font-name-asian="DejaVu Sans" style:font-size-asian="14pt" style:font-weight-asian="normal" style:font-name-complex="DejaVu Sans" style:font-size-complex="14pt" style:font-weight-complex="normal"/></style:style><style:style style:name="P14" style:family="paragraph" style:parent-style-name="Standard"><style:paragraph-properties fo:margin-left="2.9528in" fo:margin-right="0in" fo:line-height="100%" fo:text-align="center" style:justify-single-word="false" style:register-true="true" fo:text-indent="0in" style:auto-text-indent="false" fo:background-color="transparent" style:shadow="none"><style:tab-stops/><style:background-image/></style:paragraph-properties><style:text-properties style:font-name="Lucida Sans3" fo:font-size="9pt" style:font-name-asian="DejaVu Sans" style:font-size-asian="9pt" style:font-name-complex="DejaVu Sans" style:font-size-complex="9pt"/></style:style><style:style style:name="P15" style:family="paragraph" style:parent-style-name="Table_20_Heading"><style:paragraph-properties fo:margin-top="0.0783in" fo:margin-bottom="0.0783in" fo:text-align="center" style:justify-single-word="false"><style:tab-stops/></style:paragraph-properties><style:text-properties fo:color="#ffffff" style:text-outline="false" style:text-line-through-style="none" style:font-name="Lucida Sans4" fo:font-size="8pt" fo:font-style="normal" fo:text-shadow="none" style:text-underline-style="none" fo:font-weight="bold" style:font-size-asian="8pt" style:font-style-asian="normal" style:font-weight-asian="bold" style:font-size-complex="8pt" style:font-style-complex="normal" style:font-weight-complex="bold" style:text-overline-style="none" style:text-overline-color="font-color"/></style:style><style:style style:name="P16" style:family="paragraph" style:parent-style-name="Table_20_Heading"><style:paragraph-properties fo:margin-top="0.0783in" fo:margin-bottom="0.0783in" fo:text-align="start" style:justify-single-word="false"><style:tab-stops/></style:paragraph-properties><style:text-properties style:use-window-font-color="true" style:text-outline="false" style:text-line-through-style="none" style:font-name="Lucida Sans4" fo:font-size="8pt" fo:font-style="normal" fo:text-shadow="none" style:text-underline-style="none" fo:font-weight="bold" style:font-size-asian="8pt" style:font-style-asian="normal" style:font-weight-asian="bold" style:font-size-complex="8pt" style:font-style-complex="normal" style:font-weight-complex="bold" style:text-overline-style="none" style:text-overline-color="font-color"/></style:style><style:style style:name="P17" style:family="paragraph" style:parent-style-name="Table_20_Contents"><style:paragraph-properties fo:margin-top="0.0783in" fo:margin-bottom="0.0783in" fo:text-align="start" style:justify-single-word="false"><style:tab-stops/></style:paragraph-properties><style:text-properties style:use-window-font-color="true" style:text-outline="false" style:text-line-through-style="none" style:font-name="Lucida Sans4" fo:font-size="9.5pt" fo:font-style="normal" fo:text-shadow="none" style:text-underline-style="none" fo:font-weight="normal" style:font-size-asian="9.5pt" style:font-style-asian="normal" style:font-weight-asian="normal" style:font-size-complex="9.5pt" style:font-style-complex="normal" style:font-weight-complex="normal" style:text-overline-style="none" style:text-overline-color="font-color"/></style:style><style:style style:name="P18" style:family="paragraph" style:parent-style-name="Table_20_Contents"><style:paragraph-properties fo:margin-top="0.0783in" fo:margin-bottom="0.0783in" fo:text-align="center" style:justify-single-word="false"><style:tab-stops/></style:paragraph-properties><style:text-properties fo:color="#000000" style:text-outline="false" style:text-line-through-style="none" style:font-name="Lucida Sans4" fo:font-size="9.5pt" fo:font-style="normal" fo:text-shadow="none" style:text-underline-style="none" fo:font-weight="normal" style:font-size-asian="9.5pt" style:font-style-asian="normal" style:font-weight-asian="normal" style:font-size-complex="9.5pt" style:font-style-complex="normal" style:font-weight-complex="normal" style:text-overline-style="none" style:text-overline-color="font-color"/></style:style><style:style style:name="P19" style:family="paragraph" style:parent-style-name="Table_20_Contents"><style:paragraph-properties fo:margin-top="0.0783in" fo:margin-bottom="0.0783in" fo:text-align="start" style:justify-single-word="false"><style:tab-stops/></style:paragraph-properties><style:text-properties fo:color="#000000" style:text-outline="false" style:text-line-through-style="none" style:font-name="Lucida Sans4" fo:font-size="9.5pt" fo:font-style="normal" fo:text-shadow="none" style:text-underline-style="none" fo:font-weight="normal" style:font-size-asian="9.5pt" style:font-style-asian="normal" style:font-weight-asian="normal" style:font-size-complex="9.5pt" style:font-style-complex="normal" style:font-weight-complex="normal" style:text-overline-style="none" style:text-overline-color="font-color"/></style:style><style:style style:name="P20" style:family="paragraph" style:parent-style-name="Standard" style:master-page-name="Standard"><style:paragraph-properties fo:line-height="0.0783in" style:page-number="auto"/><style:text-properties style:font-name="Lucida Sans3" fo:font-size="6pt" fo:font-weight="bold" style:font-size-asian="6pt" style:font-weight-asian="bold" style:font-size-complex="6pt" style:font-weight-complex="bold"/></style:style><style:style style:name="P21" style:family="paragraph" style:parent-style-name="Table_20_Contents"><style:paragraph-properties fo:text-align="justify" style:justify-single-word="false"/><style:text-properties style:font-name="Lucida Sans" style:font-name-asian="DejaVu Sans" style:font-name-complex="DejaVu Sans" style:font-size-complex="14pt"/></style:style><style:style style:name="P22" style:family="paragraph" style:parent-style-name="Table_20_Contents"><style:paragraph-properties fo:margin-top="0.0783in" fo:margin-bottom="0.0783in" fo:text-align="start" style:justify-single-word="false"><style:tab-stops/></style:paragraph-properties><style:text-properties style:use-window-font-color="true" style:text-outline="false" style:text-line-through-style="none" style:font-name="Lucida Sans4" fo:font-size="9.5pt" fo:font-style="normal" fo:text-shadow="none" style:text-underline-style="none" fo:font-weight="normal" style:font-size-asian="9.5pt" style:font-style-asian="normal" style:font-weight-asian="normal" style:font-size-complex="9.5pt" style:font-style-complex="normal" style:font-weight-complex="normal" style:text-overline-style="none" style:text-overline-color="font-color"/></style:style><style:style style:name="P23" style:family="paragraph" style:parent-style-name="Heading_20_1" style:master-page-name="Standard"><style:paragraph-properties style:page-number="1"/></style:style><style:style style:name="P24" style:family="paragraph" style:parent-style-name="Contents_20_1"><style:paragraph-properties><style:tab-stops><style:tab-stop style:position="6.6929in" style:type="right" style:leader-style="dotted" style:leader-text="."/></style:tab-stops></style:paragraph-properties></style:style><style:style style:name="P25" style:family="paragraph" style:parent-style-name="Contents_20_2"><style:paragraph-properties><style:tab-stops><style:tab-stop style:position="6.4965in" style:type="right" style:leader-style="dotted" style:leader-text="."/></style:tab-stops></style:paragraph-properties></style:style><style:style style:name="P26" style:family="paragraph" style:parent-style-name="Liste_20_Hiérarchique"><style:text-properties fo:background-color="transparent"/></style:style><style:style style:name="P27" style:family="paragraph" style:parent-style-name="Liste_20_Hiérarchique" style:list-style-name="List_20_1"><style:text-properties fo:background-color="transparent"/></style:style><style:style style:name="P28" style:family="paragraph" style:parent-style-name="Title" style:master-page-name="First_20_Page"><style:paragraph-properties fo:margin-left="0in" fo:margin-right="0in" fo:margin-top="3.1492in" fo:margin-bottom="0.0827in" fo:line-height="100%" fo:text-align="center" style:justify-single-word="false" style:register-true="true" fo:text-indent="0in" style:auto-text-indent="false" style:page-number="auto" fo:background-color="transparent" style:shadow="none"><style:tab-stops/><style:background-image/></style:paragraph-properties><style:text-properties fo:font-size="20pt" style:font-name-asian="DejaVu Sans" style:font-size-asian="20pt" style:font-name-complex="DejaVu Sans" style:font-size-complex="20pt"/></style:style><style:style style:name="P29" style:family="paragraph" style:parent-style-name="Title" style:master-page-name="First_20_Page"><style:paragraph-properties fo:margin-left="2.9528in" fo:margin-right="0in" fo:margin-top="0.7874in" fo:margin-bottom="0in" fo:line-height="100%" fo:text-align="center" style:justify-single-word="false" style:register-true="true" fo:text-indent="0in" style:auto-text-indent="false" style:page-number="auto" fo:background-color="transparent" style:shadow="none" fo:keep-with-next="always"><style:tab-stops/><style:background-image/></style:paragraph-properties><style:text-properties fo:color="#000000" style:font-name="Lucida Sans1" fo:font-weight="bold" style:font-name-asian="DejaVu Sans" style:font-weight-asian="bold" style:font-name-complex="DejaVu Sans" style:font-weight-complex="bold"/></style:style><style:style style:name="P30" style:family="paragraph" style:parent-style-name="Title" style:master-page-name="Page_20_de_20_garde"><style:paragraph-properties style:page-number="auto"/></style:style><style:style style:name="P31" style:family="paragraph" style:parent-style-name="Title"><style:paragraph-properties fo:break-before="page"/></style:style><style:style style:name="P32" style:family="paragraph" style:parent-style-name="ListeHierarchique" style:list-style-name=""><style:paragraph-properties fo:text-align="justify" style:justify-single-word="false" fo:orphans="2" fo:widows="2" style:register-true="true"/><style:text-properties fo:font-weight="normal" style:font-weight-asian="normal" style:font-weight-complex="normal"/></style:style><style:style style:name="P33" style:family="paragraph"><style:paragraph-properties fo:text-align="center"/></style:style><style:style style:name="P34" style:family="paragraph"><style:paragraph-properties fo:margin-left="0in" fo:margin-right="0in" fo:margin-top="0in" fo:margin-bottom="0in" fo:line-height="93%" fo:text-align="center" fo:text-indent="0in" style:punctuation-wrap="hanging" style:line-break="strict"><style:tab-stops><style:tab-stop style:position="0in"/><style:tab-stop style:position="0.4909in"/><style:tab-stop style:position="0.9823in"/><style:tab-stop style:position="1.4736in"/><style:tab-stop style:position="1.965in"/><style:tab-stop style:position="2.4563in"/><style:tab-stop style:position="2.9476in"/><style:tab-stop style:position="3.439in"/><style:tab-stop style:position="3.9303in"/><style:tab-stop style:position="4.4217in"/><style:tab-stop style:position="4.913in"/><style:tab-stop style:position="5.4043in"/><style:tab-stop style:position="5.8957in"/><style:tab-stop style:position="6.387in"/><style:tab-stop style:position="6.8783in"/><style:tab-stop style:position="7.3697in"/><style:tab-stop style:position="7.861in"/><style:tab-stop style:position="8.3524in"/><style:tab-stop style:position="8.8437in"/><style:tab-stop style:position="9.335in"/><style:tab-stop style:position="9.8264in"/></style:tab-stops></style:paragraph-properties><style:text-properties fo:color="#000000" style:text-outline="false" style:text-line-through-style="none" style:text-position="0% 100%" style:font-name="Arial2" fo:font-size="24pt" fo:font-style="normal" fo:text-shadow="none" style:text-underline-style="none" fo:font-weight="normal" style:font-name-asian="Arial Unicode MS" style:font-size-asian="24pt" style:font-style-asian="normal" style:font-weight-asian="normal" style:font-name-complex="Arial Unicode MS" style:font-size-complex="24pt" style:font-style-complex="normal" style:font-weight-complex="normal" style:text-emphasize="none" style:font-relief="none"/></style:style><style:style style:name="P35" style:family="paragraph"><style:paragraph-properties text:enable-numbering="false" fo:margin-left="0in" fo:margin-right="0in" fo:margin-top="0in" fo:margin-bottom="0in" fo:line-height="100%" fo:text-align="center" fo:text-indent="0in" style:punctuation-wrap="hanging" style:line-break="strict"><style:tab-stops><style:tab-stop style:position="0in"/><style:tab-stop style:position="1in"/><style:tab-stop style:position="2in"/><style:tab-stop style:position="3in"/><style:tab-stop style:position="4in"/><style:tab-stop style:position="5in"/><style:tab-stop style:position="6in"/><style:tab-stop style:position="7in"/><style:tab-stop style:position="8in"/><style:tab-stop style:position="9in"/><style:tab-stop style:position="10in"/><style:tab-stop style:position="11in"/></style:tab-stops></style:paragraph-properties><style:text-properties fo:color="#000000" style:text-outline="false" style:text-line-through-style="none" style:text-position="0% 100%" style:font-name="Arial2" fo:font-size="24pt" fo:font-style="normal" fo:text-shadow="none" style:text-underline-style="none" fo:font-weight="normal" style:font-name-asian="Arial Unicode MS" style:font-size-asian="24pt" style:font-style-asian="normal" style:font-weight-asian="normal" style:font-name-complex="Tahoma" style:font-size-complex="24pt" style:font-style-complex="normal" style:font-weight-complex="normal" style:text-emphasize="none" style:font-relief="none"/></style:style><style:style style:name="T1" style:family="text"><style:text-properties fo:font-style="italic" style:font-style-asian="italic" style:font-style-complex="italic"/></style:style><style:style style:name="T2" style:family="text"><style:text-properties fo:font-style="normal" style:font-style-asian="normal" style:font-style-complex="normal"/></style:style><style:style style:name="fr1" style:family="graphic" style:parent-style-name="Frame"><style:graphic-properties fo:margin-left="0in" fo:margin-right="0in" fo:margin-top="0in" fo:margin-bottom="0in" style:protect="none" style:vertical-pos="from-top" style:vertical-rel="paragraph" style:horizontal-pos="from-left" style:horizontal-rel="paragraph" fo:background-color="transparent" style:background-transparency="100%" fo:padding="0in" fo:border="none" style:shadow="none"><style:background-image/><style:columns fo:column-count="1" fo:column-gap="0in"/></style:graphic-properties></style:style><style:style style:name="fr2" style:family="graphic" style:parent-style-name="Graphics"><style:graphic-properties style:run-through="background" style:wrap="run-through" style:number-wrapped-paragraphs="no-limit" style:vertical-pos="from-top" style:vertical-rel="page-content" style:horizontal-pos="from-left" style:horizontal-rel="page" style:mirror="none" fo:clip="rect(0in, 0in, 0in, 0in)" draw:luminance="0%" draw:contrast="0%" draw:red="0%" draw:green="0%" draw:blue="0%" draw:gamma="100%" draw:color-inversion="false" draw:image-opacity="100%" draw:color-mode="standard"/></style:style><style:style style:name="fr3" style:family="graphic" style:parent-style-name="Graphics"><style:graphic-properties fo:margin-left="0in" fo:margin-right="0in" fo:margin-top="0in" fo:margin-bottom="0in" style:run-through="foreground" style:wrap="none" style:vertical-pos="from-top" style:vertical-rel="page" style:horizontal-pos="center" style:horizontal-rel="page" style:mirror="none" fo:clip="rect(0in, 0in, 0in, 0in)" draw:luminance="0%" draw:contrast="0%" draw:red="0%" draw:green="0%" draw:blue="0%" draw:gamma="100%" draw:color-inversion="false" draw:image-opacity="100%" draw:color-mode="standard"/></style:style><style:style style:name="fr4" style:family="graphic" style:parent-style-name="Graphics"><style:graphic-properties fo:margin-left="0in" fo:margin-right="0in" fo:margin-top="0in" fo:margin-bottom="0in" style:run-through="background" style:wrap="run-through" style:number-wrapped-paragraphs="no-limit" style:vertical-pos="middle" style:vertical-rel="page" style:horizontal-pos="left" style:horizontal-rel="page" style:mirror="none" fo:clip="rect(0in, 0in, 0in, 0in)" draw:luminance="0%" draw:contrast="0%" draw:red="0%" draw:green="0%" draw:blue="0%" draw:gamma="100%" draw:color-inversion="false" draw:image-opacity="100%" draw:color-mode="standard"/></style:style><style:style style:name="fr5" style:family="graphic" style:parent-style-name="Graphics"><style:graphic-properties style:vertical-pos="top" style:vertical-rel="line" style:horizontal-pos="from-left" style:horizontal-rel="paragraph-content" style:mirror="none" fo:clip="rect(0in, 0in, 0in, 0in)" draw:luminance="0%" draw:contrast="0%" draw:red="0%" draw:green="0%" draw:blue="0%" draw:gamma="100%" draw:color-inversion="false" draw:image-opacity="100%" draw:color-mode="standard"/></style:style><style:style style:name="Sect1" style:family="section"><style:section-properties style:editable="false"><style:columns fo:column-count="1" fo:column-gap="0in"/></style:section-properties></style:style><style:style style:name="gr1" style:family="graphic"><style:graphic-properties draw:stroke="solid" draw:stroke-dash="Ultrafine_20_Dashed" svg:stroke-width="0.0043in" svg:stroke-color="#808080" draw:marker-start-width="0.1457in" draw:marker-end-width="0.1457in" draw:fill="none" draw:textarea-horizontal-align="justify" draw:textarea-vertical-align="middle" draw:auto-grow-height="false" fo:min-height="0in" fo:min-width="0in" fo:padding-top="0in" fo:padding-bottom="0in" fo:padding-left="0in" fo:padding-right="0in" style:run-through="foreground" style:vertical-pos="from-top" style:vertical-rel="paragraph" style:horizontal-pos="from-left" style:horizontal-rel="paragraph" draw:wrap-influence-on-position="once-concurrent" style:flow-with-text="false"/></style:style><style:style style:name="gr2" style:family="graphic"><style:graphic-properties draw:stroke="solid" draw:stroke-dash="Ultrafine_20_Dashed" svg:stroke-width="0.0043in" svg:stroke-color="#808080" draw:marker-start-width="0.1457in" draw:marker-end-width="0.1457in" draw:fill="none" draw:textarea-horizontal-align="justify" draw:textarea-vertical-align="middle" draw:auto-grow-height="false" fo:min-height="0in" fo:min-width="0in" fo:padding-top="0in" fo:padding-bottom="0in" fo:padding-left="0in" fo:padding-right="0in" style:protect="position size" style:run-through="foreground" style:vertical-pos="from-top" style:vertical-rel="paragraph" style:horizontal-pos="from-left" style:horizontal-rel="paragraph" draw:wrap-influence-on-position="once-concurrent" style:flow-with-text="false"/></style:style><style:style style:name="gr3" style:family="graphic"><style:graphic-properties draw:stroke="solid" draw:stroke-dash="Ultrafine_20_Dashed" svg:stroke-width="0.0043in" svg:stroke-color="#808080" draw:marker-start-width="0.1457in" draw:marker-end-width="0.1457in" draw:fill="none" draw:textarea-horizontal-align="center" draw:textarea-vertical-align="middle" fo:padding-top="0.002in" fo:padding-bottom="0.002in" fo:padding-left="0.002in" fo:padding-right="0.002in" style:run-through="foreground" style:vertical-pos="from-top" style:vertical-rel="paragraph" style:horizontal-pos="from-left" style:horizontal-rel="paragraph" draw:wrap-influence-on-position="once-concurrent" style:flow-with-text="false"/></style:style><style:style style:name="gr4" style:family="graphic"><style:graphic-properties draw:stroke="solid" draw:stroke-dash="Ultrafine_20_Dashed" svg:stroke-width="0.0043in" svg:stroke-color="#808080" draw:marker-start-width="0.1457in" draw:marker-end-width="0.1457in" draw:fill="none" draw:textarea-horizontal-align="center" draw:textarea-vertical-align="middle" fo:padding-top="0.002in" fo:padding-bottom="0.002in" fo:padding-left="0.002in" fo:padding-right="0.002in" style:protect="position size" style:run-through="foreground" style:vertical-pos="from-top" style:vertical-rel="paragraph" style:horizontal-pos="from-left" style:horizontal-rel="paragraph" draw:wrap-influence-on-position="once-concurrent" style:flow-with-text="false"/></style:style><style:style style:name="gr5" style:family="graphic"><style:graphic-properties draw:stroke="none" svg:stroke-width="0in" svg:stroke-color="#000000" draw:marker-start="" draw:marker-start-width="0.1181in" draw:marker-start-center="false" draw:marker-end="" draw:marker-end-width="0.1181in" draw:marker-end-center="false" draw:fill="none" draw:fill-color="#99ccff" draw:textarea-horizontal-align="center" draw:textarea-vertical-align="middle" fo:padding-top="0.0492in" fo:padding-bottom="0.0492in" fo:padding-left="0.0984in" fo:padding-right="0.0984in" draw:shadow="hidden" draw:shadow-offset-x="0.1181in" draw:shadow-offset-y="0.1181in" draw:shadow-color="#808080" draw:color-mode="standard" draw:luminance="0%" draw:contrast="0%" draw:gamma="100%" draw:red="0%" draw:green="0%" draw:blue="0%" fo:clip="rect(0in, 0in, 0in, 0in)" draw:image-opacity="100%" style:mirror="none" style:run-through="foreground" style:wrap="run-through" style:number-wrapped-paragraphs="no-limit" style:vertical-pos="middle" style:vertical-rel="baseline" style:horizontal-pos="from-left" style:horizontal-rel="paragraph" draw:wrap-influence-on-position="once-concurrent" style:flow-with-text="false"/></style:style><style:style style:name="gr6" style:family="graphic"><style:graphic-properties draw:stroke="none" svg:stroke-width="0in" svg:stroke-color="#000000" draw:marker-start="" draw:marker-start-width="0.1181in" draw:marker-start-center="false" draw:marker-end="" draw:marker-end-width="0.1181in" draw:marker-end-center="false" draw:fill="none" draw:fill-color="#99ccff" draw:textarea-horizontal-align="center" draw:textarea-vertical-align="middle" fo:padding-top="0.0492in" fo:padding-bottom="0.0492in" fo:padding-left="0.0984in" fo:padding-right="0.0984in" draw:shadow="hidden" draw:shadow-offset-x="0.1181in" draw:shadow-offset-y="0.1181in" draw:shadow-color="#808080" draw:color-mode="standard" draw:luminance="0%" draw:contrast="0%" draw:gamma="100%" draw:red="0%" draw:green="0%" draw:blue="0%" fo:clip="rect(0in, 0in, 0in, 0in)" draw:image-opacity="100%" style:mirror="none" style:run-through="foreground" style:wrap="run-through" style:number-wrapped-paragraphs="no-limit" style:vertical-pos="middle" style:vertical-rel="text" style:horizontal-pos="from-left" style:horizontal-rel="paragraph" draw:wrap-influence-on-position="once-concurrent" style:flow-with-text="false"/></style:style><style:style style:name="gr7" style:family="graphic"><style:graphic-properties draw:stroke="none" svg:stroke-color="#0066a2" draw:fill="gradient" draw:fill-color="#0066a2" draw:fill-gradient-name="Atos_20_Blue" draw:fill-hatch-name="Black_20_0_20_Degrees" draw:fill-image-name="Empty" draw:textarea-horizontal-align="justify" draw:textarea-vertical-align="middle" draw:auto-grow-height="false" style:protect="position size" style:run-through="background" style:wrap="run-through" style:number-wrapped-paragraphs="no-limit" style:vertical-pos="from-top" style:vertical-rel="page-content" style:horizontal-pos="from-left" style:horizontal-rel="page" draw:wrap-influence-on-position="once-concurrent" style:flow-with-text="false"/></style:style><style:style style:name="gr8" style:family="graphic"><style:graphic-properties draw:stroke="none" svg:stroke-width="0in" svg:stroke-color="#000000" draw:marker-start="" draw:marker-start-width="0.1181in" draw:marker-start-center="false" draw:marker-end="" draw:marker-end-width="0.1181in" draw:marker-end-center="false" draw:fill="none" draw:fill-color="#99ccff" draw:textarea-horizontal-align="center" draw:textarea-vertical-align="middle" fo:padding-top="0.0492in" fo:padding-bottom="0.0492in" fo:padding-left="0.0984in" fo:padding-right="0.0984in" draw:shadow="hidden" draw:shadow-offset-x="0.1181in" draw:shadow-offset-y="0.1181in" draw:shadow-color="#808080" draw:color-mode="standard" draw:luminance="0%" draw:contrast="0%" draw:gamma="100%" draw:red="0%" draw:green="0%" draw:blue="0%" fo:clip="rect(0in, 0in, 0in, 0in)" draw:image-opacity="100%" style:mirror="none" style:run-through="foreground" style:wrap="run-through" style:number-wrapped-paragraphs="no-limit" style:vertical-pos="from-top" style:horizontal-pos="from-left" style:horizontal-rel="paragraph" draw:wrap-influence-on-position="once-concurrent" style:flow-with-text="false"/></style:style><number:number-style style:name="N5000" number:language="fr" number:country="FR"><number:number number:min-integer-digits="1"/></number:number-style><number:text-style style:name="N5100" number:language="fr" number:country="FR"><number:text-content/></number:text-style></office:automatic-styles><office:body><office:text text:use-soft-page-breaks="true"><office:forms form:automatic-focus="false" form:apply-design-mode="false"/><text:sequence-decls><text:sequence-decl text:display-outline-level="0" text:name="Illustration"/><text:sequence-decl text:display-outline-level="0" text:name="Table"/><text:sequence-decl text:display-outline-level="0" text:name="Text"/><text:sequence-decl text:display-outline-level="0" text:name="Drawing"/><text:sequence-decl text:display-outline-level="1" text:separation-character="." text:name="Figure"/></text:sequence-decls><draw:frame draw:style-name="fr2" draw:name="images7" text:anchor-type="page" text:anchor-page-number="1" svg:x="0in" svg:y="1.161in" svg:width="3.1299in" svg:height="2.248in" draw:z-index="22"><draw:image xlink:href="Pictures/2000000800011A5C0000CAFC03E9D74A.wmf" xlink:type="simple" xlink:show="embed" xlink:actuate="onLoad"/></draw:frame><draw:custom-shape text:anchor-type="page" text:anchor-page-number="1" draw:z-index="21" draw:style-name="gr7" svg:width="3.1303in" svg:height="0.3941in" svg:x="0in" svg:y="0.7874in"><text:p/><draw:enhanced-geometry svg:viewBox="0 0 21600 21600" draw:type="rectangle" draw:enhanced-path="M 0 0 L 21600 0 21600 21600 0 21600 0 0 Z N"/></draw:custom-shape><text:p text:style-name="P29"><draw:frame draw:style-name="fr3" draw:name="images1" text:anchor-type="paragraph" svg:y="1.7717in" svg:width="3.4366in" svg:height="1.1811in" draw:z-index="23"><draw:image xlink:href="Pictures/1000020100000280000000D8F71E59FF.png" xlink:type="simple" xlink:show="embed" xlink:actuate="onLoad"/></draw:frame><draw:frame draw:style-name="fr4" draw:name="images6" text:anchor-type="paragraph" svg:width="4.9453in" svg:height="10.9055in" draw:z-index="0"><draw:image xlink:href="Pictures/1000020100000E7F00001FF761256DB8.png" xlink:type="simple" xlink:show="embed" xlink:actuate="onLoad"/></draw:frame><text:user-defined style:data-style-name="N0" text:name="Projet">Support à l&apos;usage des Logiciels Libres</text:user-defined></text:p><text:p text:style-name="P12"><text:user-defined style:data-style-name="N0" text:name="Client 1">Ministère de l&apos;économie, de l&apos;industrie et de l&apos;emploi</text:user-defined></text:p><text:p text:style-name="P13"><text:user-defined style:data-style-name="N0" text:name="Client 2">Ministère du budget, des comptes publics et de la fonction publique</text:user-defined></text:p><text:p text:style-name="P14">Référence : <text:file-name text:display="name">template_odt</text:file-name></text:p><text:p text:style-name="P14">Version : <text:user-defined style:data-style-name="N0" text:name="Version Majeure">1</text:user-defined>.<text:user-defined style:data-style-name="N0" text:name="Version Mineure">0</text:user-defined></text:p><text:p text:style-name="P14">Date : <text:user-defined style:data-style-name="N0" text:name="Date">28-10-2011</text:user-defined></text:p><text:p text:style-name="P30">Circuit de validation</text:p><table:table table:name="Validation" table:style-name="Validation"><table:table-column table:style-name="Validation.A"/><table:table-column table:style-name="Validation.B"/><table:table-column table:style-name="Validation.C"/><table:table-column table:style-name="Validation.D"/><table:table-row table:style-name="Validation.1"><table:table-cell table:style-name="Validation.A1"><text:p text:style-name="P15"/></table:table-cell><table:table-cell table:style-name="Validation.B1" office:value-type="float" office:value="0"><text:p text:style-name="P15">Nom</text:p></table:table-cell><table:table-cell table:style-name="Validation.B1" office:value-type="float" office:value="0"><text:p text:style-name="P15">Fonction</text:p></table:table-cell><table:table-cell table:style-name="Validation.D1" office:value-type="float" office:value="0"><text:p text:style-name="P15">Société</text:p></table:table-cell></table:table-row><table:table-row><table:table-cell table:style-name="Validation.A2"><text:p text:style-name="P16"/></table:table-cell><table:table-cell table:style-name="Validation.B2" office:value-type="string"><text:p text:style-name="P17"/></table:table-cell><table:table-cell table:style-name="Validation.C2" office:value-type="string"><text:p text:style-name="P17"/></table:table-cell><table:table-cell table:style-name="Validation.D2" office:value-type="string"><text:p text:style-name="P17"/></table:table-cell></table:table-row><table:table-row><table:table-cell table:style-name="Validation.A3"><text:p text:style-name="P16"/></table:table-cell><table:table-cell table:style-name="Validation.B3" office:value-type="string"><text:p text:style-name="P17"/></table:table-cell><table:table-cell table:style-name="Validation.C3" office:value-type="string"><text:p text:style-name="P17"/></table:table-cell><table:table-cell table:style-name="Validation.D3" office:value-type="string"><text:p text:style-name="P17"/></table:table-cell></table:table-row><table:table-row><table:table-cell table:style-name="Validation.A3"><text:p text:style-name="P16"/></table:table-cell><table:table-cell table:style-name="Validation.B4"><text:p text:style-name="P17"/></table:table-cell><table:table-cell table:style-name="Validation.B4"><text:p text:style-name="P17"/></table:table-cell><table:table-cell table:style-name="Validation.D4"><text:p text:style-name="P17"/></table:table-cell></table:table-row></table:table><text:p text:style-name="Title">Historique des évolutions</text:p><table:table table:name="Tableau2" table:style-name="Tableau2"><table:table-column table:style-name="Tableau2.A"/><table:table-column table:style-name="Tableau2.B"/><table:table-column table:style-name="Tableau2.C"/><table:table-row table:style-name="Tableau2.1"><table:table-cell table:style-name="Tableau2.A1" office:value-type="float" office:value="0"><text:p text:style-name="P15">Version</text:p></table:table-cell><table:table-cell table:style-name="Tableau2.B1" office:value-type="float" office:value="0"><text:p text:style-name="P15">Date</text:p></table:table-cell><table:table-cell table:style-name="Tableau2.C1" office:value-type="float" office:value="0"><text:p text:style-name="P15">Commentaires</text:p></table:table-cell></table:table-row><table:table-row><table:table-cell table:style-name="Tableau2.A2"><text:p text:style-name="P5"/></table:table-cell><table:table-cell table:style-name="Tableau2.B3" office:value-type="string"><text:p text:style-name="P18"/></table:table-cell><table:table-cell table:style-name="Tableau2.C3" office:value-type="string"><text:p text:style-name="P19"/></table:table-cell></table:table-row><table:table-row><table:table-cell table:style-name="Tableau2.A2"><text:p text:style-name="P5"/></table:table-cell><table:table-cell table:style-name="Tableau2.B3" office:value-type="string"><text:p text:style-name="P18"/></table:table-cell><table:table-cell table:style-name="Tableau2.C3" office:value-type="string"><text:p text:style-name="P19"/></table:table-cell></table:table-row></table:table><text:p text:style-name="Title">Résumé</text:p><table:table table:name="Table1" table:style-name="Table1"><table:table-column table:style-name="Table1.A"/><table:table-row><table:table-cell table:style-name="Table1.A1" office:value-type="string"><text:p text:style-name="P21"/></table:table-cell></table:table-row></table:table><text:p text:style-name="Subtitle"/><text:table-of-content text:style-name="Sect1" text:protected="true" text:name="Table des matières1"><text:table-of-content-source text:outline-level="3" text:use-index-marks="false"><text:index-title-template text:style-name="Title">Sommaire</text:index-title-template><text:table-of-content-entry-template text:outline-level="1" text:style-name="Contents_20_1"><text:index-entry-link-start text:style-name="Index"/><text:index-entry-chapter/><text:index-entry-text/><text:index-entry-tab-stop style:type="right" style:leader-char="."/><text:index-entry-page-number/><text:index-entry-link-end/></text:table-of-content-entry-template><text:table-of-content-entry-template text:outline-level="2" text:style-name="Contents_20_2"><text:index-entry-link-start text:style-name="Index"/><text:index-entry-chapter/><text:index-entry-text/><text:index-entry-tab-stop style:type="right" style:leader-char="."/><text:index-entry-page-number/><text:index-entry-link-end/></text:table-of-content-entry-template><text:table-of-content-entry-template text:outline-level="3" text:style-name="Contents_20_3"><text:index-entry-link-start text:style-name="Index"/><text:index-entry-chapter/><text:index-entry-text/><text:index-entry-tab-stop style:type="right" style:leader-char="."/><text:index-entry-page-number/><text:index-entry-link-end/></text:table-of-content-entry-template><text:table-of-content-entry-template text:outline-level="4" text:style-name="Contents_20_4"><text:index-entry-link-start text:style-name="Index"/><text:index-entry-chapter/><text:index-entry-text/><text:index-entry-tab-stop style:type="right" style:leader-char="."/><text:index-entry-page-number/><text:index-entry-link-end/></text:table-of-content-entry-template><text:table-of-content-entry-template text:outline-level="5" text:style-name="Contents_20_5"><text:index-entry-link-start text:style-name="Index"/><text:index-entry-chapter/><text:index-entry-text/><text:index-entry-tab-stop style:type="right" style:leader-char="."/><text:index-entry-page-number/><text:index-entry-link-end/></text:table-of-content-entry-template><text:table-of-content-entry-template text:outline-level="6" text:style-name="Contents_20_6"><text:index-entry-link-start text:style-name="Index"/><text:index-entry-chapter/><text:index-entry-text/><text:index-entry-tab-stop style:type="right" style:leader-char="."/><text:index-entry-page-number/><text:index-entry-link-end/></text:table-of-content-entry-template><text:table-of-content-entry-template text:outline-level="7" text:style-name="Contents_20_7"><text:index-entry-link-start text:style-name="Index"/><text:index-entry-chapter/><text:index-entry-text/><text:index-entry-tab-stop style:type="right" style:leader-char="."/><text:index-entry-page-number/><text:index-entry-link-end/></text:table-of-content-entry-template><text:table-of-content-entry-template text:outline-level="8" text:style-name="Contents_20_8"><text:index-entry-link-start text:style-name="Index"/><text:index-entry-chapter/><text:index-entry-text/><text:index-entry-tab-stop style:type="right" style:leader-char="."/><text:index-entry-page-number/><text:index-entry-link-end/></text:table-of-content-entry-template><text:table-of-content-entry-template text:outline-level="9" text:style-name="Contents_20_9"><text:index-entry-link-start text:style-name="Index"/><text:index-entry-chapter/><text:index-entry-text/><text:index-entry-tab-stop style:type="right" style:leader-char="."/><text:index-entry-page-number/><text:index-entry-link-end/></text:table-of-content-entry-template><text:table-of-content-entry-template text:outline-level="10" text:style-name="Contents_20_10"><text:index-entry-link-start text:style-name="Index"/><text:index-entry-chapter/><text:index-entry-text/><text:index-entry-tab-stop style:type="right" style:leader-char="."/><text:index-entry-page-number/><text:index-entry-link-end/></text:table-of-content-entry-template></text:table-of-content-source><text:index-body><text:index-title text:style-name="Sect1" text:name="Table des matières1_Head"><text:p text:style-name="P31">Sommaire</text:p></text:index-title><text:p text:style-name="P24"><text:a xlink:type="simple" xlink:href="#__RefHeading__6690_1947472112" text:style-name="Index" text:visited-style-name="Index">1 Annexes<text:tab/>1</text:a></text:p><text:p text:style-name="P25"><text:a xlink:type="simple" xlink:href="#__RefHeading__42122_521848443" text:style-name="Index" text:visited-style-name="Index">1.1 Méthode QSOS<text:tab/>1</text:a></text:p><text:p text:style-name="P25"><text:a xlink:type="simple" xlink:href="#__RefHeading__42124_521848443" text:style-name="Index" text:visited-style-name="Index">1.2 Grille de comparaison dynamique<text:tab/>2</text:a></text:p><text:p text:style-name="P25"><text:a xlink:type="simple" xlink:href="#__RefHeading__42126_521848443" text:style-name="Index" text:visited-style-name="Index">1.3 Documents QSOS au format XML<text:tab/>2</text:a></text:p></text:index-body></text:table-of-content><text:p text:style-name="Text_20_body"/><text:p text:style-name="Standard"/><text:h text:style-name="P23" text:outline-level="1"><text:bookmark-start text:name="__RefHeading__6690_1947472112"/>Annexes<text:bookmark-end text:name="__RefHeading__6690_1947472112"/></text:h><text:h text:style-name="Heading_20_2" text:outline-level="2"><text:bookmark-start text:name="__RefHeading__42122_521848443"/><text:reference-mark text:name="a-qsos"/>Méthode QSOS<text:bookmark-end text:name="__RefHeading__42122_521848443"/></text:h><text:p text:style-name="P7"><draw:frame text:anchor-type="as-char" svg:y="0.0992in" draw:z-index="24" draw:style-name="gr8" draw:text-style-name="P35" svg:width="2.2539in" svg:height="0.876in"><draw:image xlink:href="Pictures/10000201000001E4000000BC98D160DE.png" xlink:type="simple" xlink:show="embed" xlink:actuate="onLoad"><text:p/></draw:image></draw:frame></text:p><text:p text:style-name="Corps_20_de_20_Texte"/><text:p text:style-name="Text_20_body">QSOS (Qualification et Sélection de logiciels Open Source) est une méthode conçue par Atos <text:s/>pour qualifier, sélectionner et comparer les logiciels libres et open source. L’utilisation de cette méthode permet une analyse structurée et rationnelle des alternatives open source, qui conduit à une évaluation objective et argumentée des logiciels libres dans le contexte du système d’information étudié.</text:p><text:p text:style-name="Text_20_body">Elle est mise à disposition de la communauté sous licence libre « <text:span text:style-name="T1">GNU Free Documentation License</text:span> »<text:note text:id="ftn1" text:note-class="footnote"><text:note-citation>1</text:note-citation><text:note-body><text:p text:style-name="Footnote">Cf. <text:a xlink:type="simple" xlink:href="http://www.gnu.org/copyleft/fdl.html">http://www.gnu.org/copyleft/fdl.html</text:a> pour la version officielle en anglais, et <text:a xlink:type="simple" xlink:href="http://fr.wikipedia.org/wiki/GNU_FDL">http://fr.wikipedia.org/wiki/GNU_FDL</text:a> <text:s/>pour une traduction française non officielle.</text:p></text:note-body></text:note>.</text:p><text:p text:style-name="Text_20_body">Les objectifs de QSOS sont les suivants :</text:p><text:list xml:id="list2168997147" text:style-name="List_20_1"><text:list-item><text:p text:style-name="Liste_20_Hiérarchique">Analyser objectivement les différents logiciels libres candidats :</text:p><text:list><text:list-item><text:p text:style-name="Liste_20_Hiérarchique">Quel logiciel répond le mieux aux besoins fonctionnels actuels et prévus ?</text:p></text:list-item><text:list-item><text:p text:style-name="Liste_20_Hiérarchique">Quel logiciel s&apos;intègre le mieux à l’infrastructure technique et à l’architecture applicative du SI ?</text:p></text:list-item></text:list></text:list-item><text:list-item><text:p text:style-name="Liste_20_Hiérarchique">Intégrer les contraintes et quantifier les risques spécifiques à l’open source :</text:p><text:list><text:list-item><text:p text:style-name="Liste_20_Hiérarchique">Quelle est la pérennité du logiciel ? L&apos;importance et le dynamisme de la communauté des développeurs et des utilisateurs ? </text:p></text:list-item><text:list-item><text:p text:style-name="Liste_20_Hiérarchique">Quels sont les risques de « forks » ? Comment les anticiper et les gérer ?</text:p></text:list-item><text:list-item><text:p text:style-name="Liste_20_Hiérarchique">Quel est le niveau de support requis et disponible sur le logiciel ?</text:p></text:list-item><text:list-item><text:p text:style-name="Liste_20_Hiérarchique">Quelle est la licence libre qui régit l&apos;usage du logiciel ? Quelles conséquences sur les usages ? (développements complémentaires, partage des produits dérivés, reversements, protection contre la « propriétarisation », etc.) ;</text:p></text:list-item><text:list-item><text:p text:style-name="Liste_20_Hiérarchique">Est-il possible d’influer sur le logiciel (ajout de nouvelles fonctionnalités) ?</text:p></text:list-item></text:list></text:list-item><text:list-item><text:p text:style-name="Liste_20_Hiérarchique">Tenir compte, dans l’évaluation, du contexte de l’entreprise ou l’administration (existant technique, cible fonctionnelle, compétences des équipes internes, usages du logiciel, criticité dans le système d’information…) ;</text:p></text:list-item><text:list-item><text:p text:style-name="Liste_20_Hiérarchique">Produire des résultats objectifs, étayés et personnalisés.</text:p></text:list-item></text:list><text:p text:style-name="Text_20_body">La démarche structurée proposée par QSOS est décomposée en quatre étapes principales, détaillées dans le schéma suivant :</text:p><text:p text:style-name="Text_20_body"><text:soft-page-break/><draw:frame draw:style-name="fr5" draw:name="graphics20" text:anchor-type="as-char" svg:width="6.4965in" svg:height="3.439in" draw:z-index="25"><draw:image xlink:href="Pictures/1000020100000330000001B06D405BDD.png" xlink:type="simple" xlink:show="embed" xlink:actuate="onLoad"/></draw:frame></text:p><text:p text:style-name="Text_20_body">On pourra se reporter au site <text:a xlink:type="simple" xlink:href="http://www.qsos.org/">http://www.qsos.org</text:a> pour de plus amples détails sur la méthode et le projet libre et communautaire en charge de sa gestion.</text:p><text:h text:style-name="Heading_20_2" text:outline-level="2"><text:bookmark-start text:name="__RefHeading__42124_521848443"/><text:reference-mark text:name="a-comparatif"/>Grille de comparaison dynamique<text:bookmark-end text:name="__RefHeading__42124_521848443"/></text:h><text:p text:style-name="Text_20_body">Le présent document est accompagné d&apos;une annexe externe, contenant les résultats de l&apos;application de la méthode QSOS, de référence « <text:span text:style-name="T1">SLL_VLT_CMP_VT39_0LAP_comparatif.ods</text:span> ».</text:p><text:p text:style-name="Text_20_body">Il s&apos;agit d&apos;un document dynamique qui permet aux bénéficiaires de modifier les pondérations appliquées par défaut aux différents critères présentés plus haut, afin de disposer ainsi d&apos;une analyse comparative plus pertinente dans leurs contextes respectifs.</text:p><text:h text:style-name="Heading_20_2" text:outline-level="2"><text:bookmark-start text:name="__RefHeading__42126_521848443"/><text:reference-mark text:name="a-evaluations"/>Documents QSOS au format XML<text:bookmark-end text:name="__RefHeading__42126_521848443"/></text:h><text:p text:style-name="Text_20_body">Le projet QSOS fournit un formalisme XML pour le stockage des grilles d&apos;évaluations et des évaluations de solutions. Les documents XML suivants, produits au cours de l&apos;étude, sont donc disponibles en annexe externe au présent document :</text:p><text:list xml:id="list335926473" text:continue-numbering="true" text:style-name="List_20_1"><text:list-item><text:p text:style-name="P26">grille de critères technico-fonctionnels des solutions de gestion de cubes OLAP : <text:span text:style-name="T1">OLAP.qsos ;</text:span></text:p></text:list-item><text:list-item><text:p text:style-name="P27"><text:span text:style-name="T2">évaluation de JasperReports Server (JAsperAnalysis) : </text:span><text:span text:style-name="T1">JasperReportsServer-4.1_fr.qsos ;</text:span></text:p></text:list-item><text:list-item><text:p text:style-name="P27"><text:span text:style-name="T2">évaluation de <text:s/>Mondrian : </text:span><text:span text:style-name="T1">Mondrian-3.2.1_fr.qsos ;</text:span></text:p></text:list-item><text:list-item><text:p text:style-name="P27"><text:span text:style-name="T2">évaluation de Palo : </text:span><text:span text:style-name="T1">Palo-3.2_fr.qsos ;</text:span></text:p></text:list-item><text:list-item><text:p text:style-name="P27"><text:span text:style-name="T2">évaluation de Saiku : </text:span><text:span text:style-name="T1">Saiku-2.1_fr.qsos ;</text:span></text:p></text:list-item><text:list-item><text:p text:style-name="P27"><text:span text:style-name="T2">évaluation de Vanilla FreeAnalysis </text:span><text:span text:style-name="T1">: VanillaFreeAnalysis-3.4_fr.qsos.</text:span></text:p></text:list-item></text:list><text:p text:style-name="P32"/></office:text></office:body></office:document-content>