<?xml version="1.0" encoding="UTF-8"?>
<office:document-meta xmlns:office="urn:oasis:names:tc:opendocument:xmlns:office:1.0" xmlns:xlink="http://www.w3.org/1999/xlink" xmlns:dc="http://purl.org/dc/elements/1.1/" xmlns:meta="urn:oasis:names:tc:opendocument:xmlns:meta:1.0" xmlns:ooo="http://openoffice.org/2004/office" xmlns:grddl="http://www.w3.org/2003/g/data-view#" office:version="1.2"><office:meta><meta:generator>LibreOffice/3.5$Linux_x86 LibreOffice_project/350m1$Build-2</meta:generator><dc:title>OLAP</dc:title><dc:subject>Veille technique</dc:subject><meta:creation-date>2011-08-11T09:48:40</meta:creation-date><meta:editing-cycles>199</meta:editing-cycles><meta:editing-duration>P4DT10H1M7S</meta:editing-duration><meta:initial-creator>Raphaël Semeteys</meta:initial-creator><dc:date>2012-06-11T14:49:26</dc:date><dc:creator>Raphaël Semeteys</dc:creator><meta:document-statistic meta:table-count="6" meta:image-count="4" meta:object-count="0" meta:page-count="6" meta:paragraph-count="78" meta:word-count="663" meta:character-count="4281" meta:non-whitespace-character-count="3781"/><meta:user-defined meta:name="Client 1">Ministère de l&apos;économie, de l&apos;industrie et de l&apos;emploi</meta:user-defined><meta:user-defined meta:name="Client 2">Ministère du budget, des comptes publics et de la fonction publique</meta:user-defined><meta:user-defined meta:name="Date">28-10-2011</meta:user-defined><meta:user-defined meta:name="Projet">Support à l&apos;usage des Logiciels Libres</meta:user-defined><meta:user-defined meta:name="Version Majeure" meta:value-type="string">1</meta:user-defined><meta:user-defined meta:name="Version Mineure" meta:value-type="string">0</meta:user-defined></office:meta></office:document-meta>