<?xml version="1.0" encoding="UTF-8"?>
<office:document-styles xmlns:office="urn:oasis:names:tc:opendocument:xmlns:office:1.0" xmlns:style="urn:oasis:names:tc:opendocument:xmlns:style:1.0" xmlns:text="urn:oasis:names:tc:opendocument:xmlns:text:1.0" xmlns:table="urn:oasis:names:tc:opendocument:xmlns:table:1.0" xmlns:draw="urn:oasis:names:tc:opendocument:xmlns:drawing:1.0" xmlns:fo="urn:oasis:names:tc:opendocument:xmlns:xsl-fo-compatible:1.0" xmlns:xlink="http://www.w3.org/1999/xlink" xmlns:dc="http://purl.org/dc/elements/1.1/" xmlns:meta="urn:oasis:names:tc:opendocument:xmlns:meta:1.0" xmlns:number="urn:oasis:names:tc:opendocument:xmlns:datastyle:1.0" xmlns:svg="urn:oasis:names:tc:opendocument:xmlns:svg-compatible:1.0" xmlns:chart="urn:oasis:names:tc:opendocument:xmlns:chart:1.0" xmlns:dr3d="urn:oasis:names:tc:opendocument:xmlns:dr3d:1.0" xmlns:math="http://www.w3.org/1998/Math/MathML" xmlns:form="urn:oasis:names:tc:opendocument:xmlns:form:1.0" xmlns:script="urn:oasis:names:tc:opendocument:xmlns:script:1.0" xmlns:ooo="http://openoffice.org/2004/office" xmlns:ooow="http://openoffice.org/2004/writer" xmlns:oooc="http://openoffice.org/2004/calc" xmlns:dom="http://www.w3.org/2001/xml-events" xmlns:rpt="http://openoffice.org/2005/report" xmlns:of="urn:oasis:names:tc:opendocument:xmlns:of:1.2" xmlns:xhtml="http://www.w3.org/1999/xhtml" xmlns:grddl="http://www.w3.org/2003/g/data-view#" xmlns:tableooo="http://openoffice.org/2009/table" xmlns:css3t="http://www.w3.org/TR/css3-text/"><office:font-face-decls><style:font-face style:name="OpenSymbol" svg:font-family="OpenSymbol" style:font-adornments="Regular" style:font-charset="x-symbol"/><style:font-face style:name="Wingdings" svg:font-family="Wingdings" style:font-pitch="variable" style:font-charset="x-symbol"/><style:font-face style:name="Wingdings1" svg:font-family="Wingdings" style:font-adornments="Regular" style:font-pitch="variable" style:font-charset="x-symbol"/><style:font-face style:name="Symbol" svg:font-family="Symbol" style:font-family-generic="roman" style:font-pitch="variable" style:font-charset="x-symbol"/><style:font-face style:name="Arial" svg:font-family="Arial"/><style:font-face style:name="Cantarell" svg:font-family="Cantarell" style:font-adornments="Regular"/><style:font-face style:name="StarSymbol" svg:font-family="StarSymbol"/><style:font-face style:name="Lucida Sans4" svg:font-family="&apos;Lucida Sans&apos;" style:font-family-generic="swiss"/><style:font-face style:name="Lucida Sans2" svg:font-family="&apos;Lucida Sans&apos;" style:font-adornments="Normal" style:font-family-generic="swiss"/><style:font-face style:name="Courier New" svg:font-family="&apos;Courier New&apos;" style:font-adornments="Normal" style:font-family-generic="modern" style:font-pitch="fixed"/><style:font-face style:name="DejaVu Sans Mono" svg:font-family="&apos;DejaVu Sans Mono&apos;" style:font-family-generic="modern" style:font-pitch="fixed"/><style:font-face style:name="Arial2" svg:font-family="Arial" style:font-pitch="variable"/><style:font-face style:name="Arial Unicode MS" svg:font-family="&apos;Arial Unicode MS&apos;" style:font-pitch="variable"/><style:font-face style:name="DejaVu Sans1" svg:font-family="&apos;DejaVu Sans&apos;" style:font-pitch="variable"/><style:font-face style:name="Tahoma" svg:font-family="Tahoma" style:font-pitch="variable"/><style:font-face style:name="Times New Roman" svg:font-family="&apos;Times New Roman&apos;" style:font-family-generic="roman" style:font-pitch="variable"/><style:font-face style:name="Arial1" svg:font-family="Arial" style:font-family-generic="swiss" style:font-pitch="variable"/><style:font-face style:name="Lucida Sans3" svg:font-family="&apos;Lucida Sans&apos;" style:font-family-generic="swiss" style:font-pitch="variable"/><style:font-face style:name="Lucida Sans1" svg:font-family="&apos;Lucida Sans&apos;" style:font-adornments="Demibold" style:font-family-generic="swiss" style:font-pitch="variable"/><style:font-face style:name="Lucida Sans" svg:font-family="&apos;Lucida Sans&apos;" style:font-adornments="Normal" style:font-family-generic="swiss" style:font-pitch="variable"/><style:font-face style:name="DejaVu Sans" svg:font-family="&apos;DejaVu Sans&apos;" style:font-family-generic="system" style:font-pitch="variable"/></office:font-face-decls><office:styles><draw:gradient draw:name="Atos_20_Blue" draw:display-name="Atos Blue" draw:style="linear" draw:start-color="#0066a2" draw:end-color="#829dc7" draw:start-intensity="100%" draw:end-intensity="100%" draw:angle="450" draw:border="0%"/><draw:gradient draw:name="Gradient_20_1" draw:display-name="Gradient 1" draw:style="linear" draw:start-color="#000000" draw:end-color="#ffffff" draw:start-intensity="100%" draw:end-intensity="100%" draw:angle="0" draw:border="0%"/><draw:gradient draw:name="Linear_20_blue_2f_white" draw:display-name="Linear blue/white" draw:style="linear" draw:start-color="#000080" draw:end-color="#ffffff" draw:start-intensity="100%" draw:end-intensity="100%" draw:angle="450" draw:border="0%"/><draw:hatch draw:name="Black_20_0_20_Degrees" draw:display-name="Black 0 Degrees" draw:style="single" draw:color="#000000" draw:distance="0.0402in" draw:rotation="0"/><draw:fill-image draw:name="Empty" xlink:href="Pictures/100000000000000800000008DD0ADA29.png" xlink:type="simple" xlink:show="embed" xlink:actuate="onLoad"/><draw:stroke-dash draw:name="Ultrafine_20_Dashed" draw:display-name="Ultrafine Dashed" draw:style="rect" draw:dots1="1" draw:dots1-length="0.0201in" draw:dots2="1" draw:dots2-length="0.0201in" draw:distance="0in"/><style:default-style style:family="graphic"><style:graphic-properties fo:wrap-option="no-wrap" draw:shadow-offset-x="0.1181in" draw:shadow-offset-y="0.1181in" draw:start-line-spacing-horizontal="0.1114in" draw:start-line-spacing-vertical="0.1114in" draw:end-line-spacing-horizontal="0.1114in" draw:end-line-spacing-vertical="0.1114in" style:flow-with-text="false"/><style:paragraph-properties style:text-autospace="ideograph-alpha" style:line-break="strict" style:writing-mode="lr-tb" style:font-independent-line-spacing="false"><style:tab-stops/></style:paragraph-properties><style:text-properties style:use-window-font-color="true" fo:font-size="12pt" fo:language="fr" fo:country="FR" style:letter-kerning="true" style:font-size-asian="12pt" style:language-asian="zxx" style:country-asian="none" style:font-size-complex="12pt" style:language-complex="zxx" style:country-complex="none"/></style:default-style><style:default-style style:family="paragraph"><style:paragraph-properties fo:hyphenation-ladder-count="no-limit" style:text-autospace="ideograph-alpha" style:punctuation-wrap="hanging" style:line-break="strict" style:tab-stop-distance="0.4925in" style:writing-mode="page"/><style:text-properties style:use-window-font-color="true" style:font-name="Arial" fo:font-size="12pt" fo:language="fr" fo:country="FR" style:letter-kerning="true" style:font-name-asian="DejaVu Sans" style:font-size-asian="12pt" style:language-asian="zxx" style:country-asian="none" style:font-name-complex="DejaVu Sans" style:font-size-complex="12pt" style:language-complex="zxx" style:country-complex="none" fo:hyphenate="false" fo:hyphenation-remain-char-count="2" fo:hyphenation-push-char-count="2"/></style:default-style><style:default-style style:family="table"><style:table-properties table:border-model="collapsing"/></style:default-style><style:default-style style:family="table-row"><style:table-row-properties fo:keep-together="auto"/></style:default-style><style:style style:name="Standard" style:family="paragraph" style:class="text" style:master-page-name=""><style:paragraph-properties fo:line-height="100%" style:register-true="true" style:page-number="auto" fo:background-color="transparent" style:shadow="none"><style:tab-stops/><style:background-image/></style:paragraph-properties><style:text-properties style:font-size-asian="10.5pt"/></style:style><style:style style:name="Heading" style:family="paragraph" style:parent-style-name="Standard" style:next-style-name="Heading_20_1" style:auto-update="true" style:class="text" style:master-page-name=""><style:paragraph-properties fo:margin-top="0.1665in" fo:margin-bottom="0.0835in" style:page-number="auto" fo:keep-with-next="always"/><style:text-properties fo:color="#0066a2" style:font-name="Arial1" fo:font-size="14pt" style:font-name-asian="DejaVu Sans" style:font-size-asian="14pt" style:font-name-complex="DejaVu Sans" style:font-size-complex="14pt"/></style:style><style:style style:name="Text_20_body" style:display-name="Text body" style:family="paragraph" style:parent-style-name="Standard" style:class="text" style:master-page-name=""><style:paragraph-properties fo:margin="100%" fo:margin-left="0in" fo:margin-right="0in" fo:margin-top="0.1181in" fo:margin-bottom="0.0591in" fo:text-align="justify" style:justify-single-word="false" fo:text-indent="0in" style:auto-text-indent="false" style:page-number="auto" fo:background-color="transparent"><style:tab-stops/><style:background-image/></style:paragraph-properties><style:text-properties style:font-name="Lucida Sans" fo:font-size="10pt" style:font-size-asian="10.5pt"/></style:style><style:style style:name="List" style:family="paragraph" style:parent-style-name="Text_20_body" style:class="list"><style:text-properties style:font-size-asian="12pt"/></style:style><style:style style:name="Caption" style:family="paragraph" style:parent-style-name="Standard" style:class="extra"><style:paragraph-properties fo:margin-top="0.0835in" fo:margin-bottom="0.0835in" text:number-lines="false" text:line-number="0"/><style:text-properties fo:font-size="12pt" fo:font-style="italic" style:font-size-asian="12pt" style:font-style-asian="italic" style:font-size-complex="12pt" style:font-style-complex="italic"/></style:style><style:style style:name="Index" style:family="paragraph" style:parent-style-name="Standard" style:class="index"><style:paragraph-properties text:number-lines="false" text:line-number="0"/><style:text-properties style:font-size-asian="12pt"/></style:style><style:style style:name="Table_20_Contents" style:display-name="Table Contents" style:family="paragraph" style:parent-style-name="Standard" style:class="extra"><style:paragraph-properties fo:margin="100%" fo:margin-left="0in" fo:margin-right="0in" style:register-true="true" fo:text-indent="0in" style:auto-text-indent="false" text:number-lines="false" text:line-number="0"/><style:text-properties fo:font-size="9.5pt" style:font-size-asian="10.5pt"/></style:style><style:style style:name="Footer" style:family="paragraph" style:parent-style-name="Standard" style:class="extra"><style:paragraph-properties text:number-lines="false" text:line-number="0"><style:tab-stops><style:tab-stop style:position="3.3465in" style:type="center"/><style:tab-stop style:position="6.6929in" style:type="right"/></style:tab-stops></style:paragraph-properties></style:style><style:style style:name="Table_20_Heading" style:display-name="Table Heading" style:family="paragraph" style:parent-style-name="Table_20_Contents" style:class="extra"><style:paragraph-properties fo:text-align="center" style:justify-single-word="false" text:number-lines="false" text:line-number="0"/><style:text-properties fo:color="#ffffff" style:font-name="Lucida Sans1" fo:font-size="8pt" fo:font-weight="bold" style:font-size-asian="10.5pt" style:font-weight-asian="bold" style:font-weight-complex="bold"/></style:style><style:style style:name="Header" style:family="paragraph" style:parent-style-name="Standard" style:class="extra" style:master-page-name=""><style:paragraph-properties fo:margin-top="0in" fo:margin-bottom="0in" fo:line-height="150%" fo:text-align="center" style:justify-single-word="false" style:page-number="auto" text:number-lines="false" text:line-number="0"><style:tab-stops><style:tab-stop style:position="3.3465in" style:type="center"/><style:tab-stop style:position="6.6929in" style:type="right"/></style:tab-stops></style:paragraph-properties><style:text-properties style:font-name="Lucida Sans" fo:font-weight="bold" style:font-size-asian="10.5pt"/></style:style><style:style style:name="Frame_20_contents" style:display-name="Frame contents" style:family="paragraph" style:parent-style-name="Text_20_body" style:class="extra"><style:paragraph-properties fo:margin="100%" fo:margin-left="0in" fo:margin-right="0in" fo:margin-top="0in" fo:margin-bottom="0in" fo:text-indent="0in" style:auto-text-indent="false"/></style:style><style:style style:name="Text_20_body_20_indent" style:display-name="Text body indent" style:family="paragraph" style:parent-style-name="Text_20_body" style:class="text"><style:paragraph-properties fo:margin="100%" fo:margin-left="0.1965in" fo:margin-right="0in" style:register-true="true" fo:text-indent="0in" style:auto-text-indent="false"/></style:style><style:style style:name="Bibliography_20_Heading" style:display-name="Bibliography Heading" style:family="paragraph" style:parent-style-name="Heading" style:class="index"><style:paragraph-properties fo:margin="100%" fo:margin-left="0in" fo:margin-right="0in" fo:text-indent="0in" style:auto-text-indent="false" text:number-lines="false" text:line-number="0"/><style:text-properties fo:font-size="16pt" fo:font-weight="bold" style:font-size-asian="16pt" style:font-weight-asian="bold" style:font-size-complex="16pt" style:font-weight-complex="bold"/></style:style><style:style style:name="Contents_20_Heading" style:display-name="Contents Heading" style:family="paragraph" style:parent-style-name="Heading" style:class="index"><style:paragraph-properties fo:margin="100%" fo:margin-left="0in" fo:margin-right="0in" fo:text-indent="0in" style:auto-text-indent="false" text:number-lines="false" text:line-number="0"/><style:text-properties fo:font-size="16pt" fo:font-weight="bold" style:font-size-asian="16pt" style:font-weight-asian="bold" style:font-size-complex="16pt" style:font-weight-complex="bold"/></style:style><style:style style:name="Heading_20_1" style:display-name="Heading 1" style:family="paragraph" style:parent-style-name="Heading" style:next-style-name="Heading_20_2" style:auto-update="true" style:default-outline-level="1" style:class="text" style:master-page-name=""><style:paragraph-properties style:page-number="auto" fo:break-before="page" fo:background-color="transparent" style:shadow="none"><style:tab-stops/><style:background-image/></style:paragraph-properties><style:text-properties fo:color="#0066a2" style:font-name="Lucida Sans" fo:font-size="16pt" fo:font-weight="normal" style:font-size-asian="115%" style:font-weight-asian="bold" style:font-size-complex="115%" style:font-weight-complex="bold"/></style:style><style:style style:name="Heading_20_2" style:display-name="Heading 2" style:family="paragraph" style:parent-style-name="Heading" style:next-style-name="Text_20_body" style:auto-update="true" style:default-outline-level="2" style:class="text" style:master-page-name=""><style:paragraph-properties style:page-number="auto" fo:background-color="transparent"><style:tab-stops/><style:background-image/></style:paragraph-properties><style:text-properties fo:font-variant="small-caps" fo:color="#0066a2" style:font-name="Lucida Sans" fo:font-size="14pt" fo:font-style="normal" fo:font-weight="normal" style:font-size-asian="14pt" style:font-style-asian="italic" style:font-weight-asian="normal" style:font-size-complex="14pt" style:font-style-complex="italic" style:font-weight-complex="normal"/></style:style><style:style style:name="Heading_20_3" style:display-name="Heading 3" style:family="paragraph" style:parent-style-name="Heading" style:next-style-name="Text_20_body" style:default-outline-level="3" style:class="text"><style:text-properties fo:color="#0066a2" style:font-name="Lucida Sans" fo:font-size="13pt" fo:font-style="normal" fo:font-weight="normal" style:font-size-asian="14pt" style:font-weight-asian="bold" style:font-size-complex="14pt" style:font-weight-complex="bold"/></style:style><style:style style:name="Heading_20_4" style:display-name="Heading 4" style:family="paragraph" style:parent-style-name="Heading" style:next-style-name="Text_20_body" style:auto-update="true" style:default-outline-level="4" style:class="text"><style:text-properties fo:color="#0066a2" style:font-name="Lucida Sans" fo:font-size="11pt" fo:font-style="normal" fo:font-weight="normal" style:font-size-asian="85%" style:font-style-asian="italic" style:font-weight-asian="normal" style:font-size-complex="85%" style:font-style-complex="italic" style:font-weight-complex="normal"/></style:style><style:style style:name="Contents_20_1" style:display-name="Contents 1" style:family="paragraph" style:parent-style-name="Index" style:auto-update="true" style:class="index"><style:paragraph-properties fo:margin="100%" fo:margin-left="0in" fo:margin-right="0in" fo:text-indent="0in" style:auto-text-indent="false" style:shadow="none"><style:tab-stops><style:tab-stop style:position="6.6929in" style:type="right" style:leader-style="dotted" style:leader-text="."/></style:tab-stops></style:paragraph-properties><style:text-properties style:font-name="Lucida Sans2" fo:font-size="11pt" fo:font-weight="normal"/></style:style><style:style style:name="Contents_20_2" style:display-name="Contents 2" style:family="paragraph" style:parent-style-name="Index" style:class="index"><style:paragraph-properties fo:margin="100%" fo:margin-left="0.1965in" fo:margin-right="0in" fo:text-indent="0in" style:auto-text-indent="false"><style:tab-stops><style:tab-stop style:position="6.4965in" style:type="right" style:leader-style="dotted" style:leader-text="."/></style:tab-stops></style:paragraph-properties><style:text-properties style:font-name="Lucida Sans2" fo:font-size="9pt" fo:font-style="normal" fo:font-weight="normal"/></style:style><style:style style:name="Contents_20_3" style:display-name="Contents 3" style:family="paragraph" style:parent-style-name="Index" style:class="index"><style:paragraph-properties fo:margin="100%" fo:margin-left="0.3929in" fo:margin-right="0in" fo:text-indent="0in" style:auto-text-indent="false"><style:tab-stops><style:tab-stop style:position="6.3in" style:type="right" style:leader-style="dotted" style:leader-text="."/></style:tab-stops></style:paragraph-properties><style:text-properties style:font-name="Lucida Sans2" fo:font-size="8pt"/></style:style><style:style style:name="Heading_20_9" style:display-name="Heading 9" style:family="paragraph" style:parent-style-name="Heading" style:next-style-name="Text_20_body" style:default-outline-level="9" style:class="text"><style:text-properties fo:font-size="75%" fo:font-weight="bold" style:font-size-asian="75%" style:font-weight-asian="bold" style:font-size-complex="75%" style:font-weight-complex="bold"/></style:style><style:style style:name="Liste_20_Hiérarchique" style:display-name="Liste Hiérarchique" style:family="paragraph" style:parent-style-name="List" style:auto-update="true" style:list-style-name="List_20_1" style:master-page-name=""><style:paragraph-properties fo:margin="100%" fo:margin-left="0in" fo:margin-right="0in" fo:margin-top="0in" fo:margin-bottom="0.0398in" fo:line-height="100%" fo:text-indent="0in" style:auto-text-indent="false" style:page-number="auto"/></style:style><style:style style:name="List_20_1" style:display-name="List 1" style:family="paragraph" style:parent-style-name="List" style:auto-update="true" style:class="list" style:master-page-name=""><style:paragraph-properties fo:margin="100%" fo:margin-left="0.25in" fo:margin-right="0in" fo:margin-top="0in" fo:margin-bottom="0.0835in" fo:text-indent="-0.25in" style:auto-text-indent="false" style:page-number="auto"/><style:text-properties fo:color="#c5000b" fo:font-size="10.5pt"/></style:style><style:style style:name="List_20_3" style:display-name="List 3" style:family="paragraph" style:parent-style-name="List" style:class="list"><style:paragraph-properties fo:margin="100%" fo:margin-left="0.75in" fo:margin-right="0in" fo:margin-top="0in" fo:margin-bottom="0.0835in" fo:text-indent="-0.25in" style:auto-text-indent="false"/></style:style><style:style style:name="Figure" style:family="paragraph" style:parent-style-name="Caption" style:next-style-name="Text_20_body" style:auto-update="true" style:master-page-name=""><style:paragraph-properties fo:margin-top="0.1181in" fo:margin-bottom="0.1181in" fo:text-align="center" style:justify-single-word="false" style:page-number="auto"/><style:text-properties fo:font-size="8pt" style:font-weight-asian="normal" style:font-weight-complex="normal"/></style:style><style:style style:name="Illustration_20_Index_20_1" style:display-name="Illustration Index 1" style:family="paragraph" style:parent-style-name="Index" style:class="index"><style:paragraph-properties fo:margin="100%" fo:margin-left="0in" fo:margin-right="0in" fo:text-indent="0in" style:auto-text-indent="false"><style:tab-stops><style:tab-stop style:position="6.4965in" style:type="right" style:leader-style="dotted" style:leader-text="."/></style:tab-stops></style:paragraph-properties><style:text-properties style:font-name="Lucida Sans2" fo:font-size="10.5pt"/></style:style><style:style style:name="Heading_20_10" style:display-name="Heading 10" style:family="paragraph" style:parent-style-name="Heading" style:next-style-name="Text_20_body" style:default-outline-level="10" style:class="text"><style:text-properties fo:font-size="75%" fo:font-weight="bold" style:font-size-asian="75%" style:font-weight-asian="bold" style:font-size-complex="75%" style:font-weight-complex="bold"/></style:style><style:style style:name="Contents_20_4" style:display-name="Contents 4" style:family="paragraph" style:parent-style-name="Index" style:class="index"><style:paragraph-properties fo:margin="100%" fo:margin-left="0.5898in" fo:margin-right="0in" fo:text-indent="0in" style:auto-text-indent="false"><style:tab-stops><style:tab-stop style:position="5.9071in" style:type="right" style:leader-style="dotted" style:leader-text="."/></style:tab-stops></style:paragraph-properties></style:style><style:style style:name="Contents_20_10" style:display-name="Contents 10" style:family="paragraph" style:parent-style-name="Index" style:class="index"><style:paragraph-properties fo:margin="100%" fo:margin-left="1.7689in" fo:margin-right="0in" fo:text-indent="0in" style:auto-text-indent="false"><style:tab-stops><style:tab-stop style:position="4.728in" style:type="right" style:leader-style="dotted" style:leader-text="."/></style:tab-stops></style:paragraph-properties></style:style><style:style style:name="Title" style:family="paragraph" style:parent-style-name="Heading" style:next-style-name="Subtitle" style:class="chapter"><style:paragraph-properties fo:margin="100%" fo:margin-left="0in" fo:margin-right="0in" fo:text-align="start" style:justify-single-word="false" fo:text-indent="0in" style:auto-text-indent="false"/><style:text-properties fo:color="#0066a2" style:font-name="Lucida Sans1" fo:font-size="16pt" fo:font-weight="bold" style:font-size-asian="16pt" style:font-weight-asian="bold" style:font-size-complex="16pt" style:font-weight-complex="bold"/></style:style><style:style style:name="Subtitle" style:family="paragraph" style:parent-style-name="Heading" style:next-style-name="Text_20_body" style:class="chapter"><style:paragraph-properties fo:text-align="center" style:justify-single-word="false"/><style:text-properties style:font-name="Lucida Sans" fo:font-size="16pt" fo:font-style="normal" style:font-size-asian="14pt" style:font-style-asian="italic" style:font-weight-asian="normal" style:font-size-complex="14pt" style:font-style-complex="italic" style:font-weight-complex="normal"/></style:style><style:style style:name="Preformatted_20_Text" style:display-name="Preformatted Text" style:family="paragraph" style:parent-style-name="Standard" style:class="html"><style:paragraph-properties fo:margin-top="0in" fo:margin-bottom="0in"/><style:text-properties style:font-name="DejaVu Sans Mono" fo:font-size="10pt" style:font-name-asian="DejaVu Sans Mono" style:font-size-asian="10pt" style:font-name-complex="DejaVu Sans Mono" style:font-size-complex="10pt"/></style:style><style:style style:name="Consignes" style:family="paragraph" style:parent-style-name="Text_20_body"><style:text-properties fo:color="#ff00ff" style:font-name="Lucida Sans3" fo:font-style="italic" fo:font-weight="normal" fo:background-color="transparent" style:font-style-asian="italic" style:font-weight-asian="normal" style:font-style-complex="italic" style:font-weight-complex="normal"/></style:style><style:style style:name="Commandes_20__26__20_Listings" style:display-name="Commandes &amp; Listings" style:family="paragraph" style:parent-style-name="Text_20_body" style:master-page-name=""><style:paragraph-properties fo:margin="100%" fo:margin-left="0.3937in" fo:margin-right="0in" fo:keep-together="always" fo:text-indent="0in" style:auto-text-indent="false" style:page-number="auto" fo:background-color="#e6e6e6" fo:padding="0.0783in" fo:border-left="0.06pt solid #000000" fo:border-right="none" fo:border-top="none" fo:border-bottom="none" style:shadow="none" fo:keep-with-next="always"><style:tab-stops/><style:background-image/></style:paragraph-properties><style:text-properties style:font-name="Courier New" style:font-size-asian="10.5pt"/></style:style><style:style style:name="Text" style:family="paragraph" style:parent-style-name="Caption" style:class="extra"/><style:style style:name="First_20_line_20_indent" style:display-name="First line indent" style:family="paragraph" style:parent-style-name="Text_20_body" style:class="text"><style:paragraph-properties fo:margin="100%" fo:margin-left="0in" fo:margin-right="0in" fo:text-indent="0.1965in" style:auto-text-indent="false"/></style:style><style:style style:name="Footnote" style:family="paragraph" style:parent-style-name="Standard" style:class="extra"><style:paragraph-properties fo:margin="100%" fo:margin-left="0.1965in" fo:margin-right="0in" fo:text-indent="-0.1965in" style:auto-text-indent="false" text:number-lines="false" text:line-number="0"/><style:text-properties fo:font-size="10pt" style:font-size-asian="10pt" style:font-size-complex="10pt"/></style:style><style:style style:name="Corps_20_de_20_Texte" style:display-name="Corps de Texte" style:family="paragraph"><style:paragraph-properties fo:margin-top="0in" fo:margin-bottom="0.0417in" fo:text-align="justify" style:justify-single-word="false" fo:keep-together="always" fo:orphans="2" fo:widows="2" style:register-true="true"/><style:text-properties style:use-window-font-color="true" style:font-name="Arial1" fo:font-size="10pt" fo:language="fr" fo:country="FR" style:font-name-asian="Times New Roman" style:font-size-asian="10pt" style:font-name-complex="Times New Roman" style:font-size-complex="10pt" style:language-complex="ar" style:country-complex="SA"/></style:style><style:style style:name="ListeHierarchique" style:family="paragraph" style:parent-style-name="Corps_20_de_20_Texte" style:list-style-name="WW8Num3" style:master-page-name=""><style:paragraph-properties fo:margin="100%" fo:margin-left="0in" fo:margin-right="0in" fo:margin-top="0.0429in" fo:margin-bottom="0.0429in" fo:text-indent="0in" style:auto-text-indent="false" style:page-number="auto"><style:tab-stops/></style:paragraph-properties><style:text-properties fo:font-size="10pt" style:font-size-asian="10pt"/></style:style><style:style style:name="Numbering_20_Symbols" style:display-name="Numbering Symbols" style:family="text"><style:text-properties fo:color="#0066a2" fo:font-weight="bold"/></style:style><style:style style:name="Internet_20_link" style:display-name="Internet link" style:family="text"><style:text-properties fo:color="#000080" fo:language="zxx" fo:country="none" style:text-underline-style="solid" style:text-underline-width="auto" style:text-underline-color="font-color" style:language-asian="zxx" style:country-asian="none" style:language-complex="zxx" style:country-complex="none"/></style:style><style:style style:name="Emphasis" style:family="text"><style:text-properties fo:font-style="italic" style:font-style-asian="italic" style:font-style-complex="italic"/></style:style><style:style style:name="Bullet_20_Symbols" style:display-name="Bullet Symbols" style:family="text"><style:text-properties fo:color="#0066a2" style:font-name="StarSymbol" fo:font-size="8pt" fo:background-color="transparent" style:font-name-asian="StarSymbol" style:font-size-asian="7pt" style:font-name-complex="StarSymbol" style:font-size-complex="8pt"/></style:style><style:style style:name="Index" style:family="text"/><style:style style:name="User_20_Entry" style:display-name="User Entry" style:family="text"><style:text-properties style:font-name="DejaVu Sans Mono" style:font-name-asian="DejaVu Sans Mono" style:font-name-complex="DejaVu Sans Mono"/></style:style><style:style style:name="Index_20_Link" style:display-name="Index Link" style:family="text"/><style:style style:name="Placeholder" style:family="text"><style:text-properties fo:font-variant="small-caps" fo:color="#008080" style:text-underline-style="dotted" style:text-underline-width="auto" style:text-underline-color="font-color"/></style:style><style:style style:name="TODO" style:family="text"><style:text-properties style:font-name="Lucida Sans" fo:font-size="10pt" fo:background-color="#ffff00" style:font-size-asian="10.5pt"/></style:style><style:style style:name="Technique" style:family="text"><style:text-properties style:font-name="Courier New" fo:font-size="10pt" fo:background-color="#e6e6e6"/></style:style><style:style style:name="Footnote_20_Symbol" style:display-name="Footnote Symbol" style:family="text"/><style:style style:name="Footnote_20_anchor" style:display-name="Footnote anchor" style:family="text"><style:text-properties style:text-position="super 58%"/></style:style><style:style style:name="Visited_20_Internet_20_Link" style:display-name="Visited Internet Link" style:family="text"><style:text-properties fo:color="#800000" fo:language="zxx" fo:country="none" style:text-underline-style="solid" style:text-underline-width="auto" style:text-underline-color="font-color" style:language-asian="zxx" style:country-asian="none" style:language-complex="zxx" style:country-complex="none"/></style:style><style:style style:name="Strong_20_Emphasis" style:display-name="Strong Emphasis" style:family="text"><style:text-properties fo:font-weight="bold" style:font-weight-asian="bold" style:font-weight-complex="bold"/></style:style><style:style style:name="Graphics" style:family="graphic" style:auto-update="true"><style:graphic-properties svg:width="4.548in" style:rel-width="70%" svg:height="3.0543in" style:rel-height="35%" text:anchor-type="as-char" svg:x="0in" svg:y="0in" fo:margin-top="0in" fo:margin-bottom="0in" style:wrap="none" style:vertical-pos="top" style:vertical-rel="line" style:horizontal-pos="from-left" style:horizontal-rel="paragraph-content" fo:background-color="transparent" style:background-transparency="100%" style:shadow="none"><style:background-image/></style:graphic-properties></style:style><style:style style:name="Frame" style:family="graphic"><style:graphic-properties text:anchor-type="paragraph" svg:x="0in" svg:y="0in" fo:margin-left="0.0398in" fo:margin-right="0.0398in" fo:margin-top="0.0398in" fo:margin-bottom="0.0398in" style:wrap="none" style:vertical-pos="middle" style:vertical-rel="paragraph-content" style:horizontal-pos="center" style:horizontal-rel="paragraph-content" fo:padding="0.0591in" fo:border="0.06pt solid #000000"/></style:style><style:style style:name="Formula" style:family="graphic"><style:graphic-properties text:anchor-type="as-char" svg:y="0in" fo:margin-left="0.0791in" fo:margin-right="0.0791in" style:vertical-pos="middle" style:vertical-rel="text"/></style:style><style:style style:name="OLE" style:family="graphic"><style:graphic-properties text:anchor-type="paragraph" svg:x="0in" svg:y="0in" style:wrap="dynamic" style:number-wrapped-paragraphs="no-limit" style:wrap-contour="false" style:vertical-pos="top" style:vertical-rel="paragraph" style:horizontal-pos="center" style:horizontal-rel="paragraph"/></style:style><text:outline-style style:name="Outline"><text:outline-level-style text:level="1" text:style-name="Numbering_20_Symbols" style:num-suffix=" " style:num-format="1"><style:list-level-properties text:space-before="-0.9839in" text:min-label-width="0.9839in" text:min-label-distance="0.0193in" fo:text-align="end"/></text:outline-level-style><text:outline-level-style text:level="2" text:style-name="Numbering_20_Symbols" style:num-suffix=" " style:num-format="1" text:display-levels="2"><style:list-level-properties text:space-before="-0.9839in" text:min-label-width="0.9839in" text:min-label-distance="0.0193in" fo:text-align="end"/></text:outline-level-style><text:outline-level-style text:level="3" text:style-name="Numbering_20_Symbols" style:num-suffix=" " style:num-format="1" text:display-levels="3"><style:list-level-properties text:space-before="-0.9839in" text:min-label-width="0.9839in" text:min-label-distance="0.0193in" fo:text-align="end"/></text:outline-level-style><text:outline-level-style text:level="4" text:style-name="Numbering_20_Symbols" style:num-suffix=" " style:num-format="1" text:display-levels="4"><style:list-level-properties text:space-before="-0.9839in" text:min-label-width="0.9839in" text:min-label-distance="0.0193in" fo:text-align="end"/></text:outline-level-style><text:outline-level-style text:level="5" text:style-name="Numbering_20_Symbols" style:num-suffix=" " style:num-format="1" text:display-levels="5"><style:list-level-properties fo:text-align="end"/></text:outline-level-style><text:outline-level-style text:level="6" text:style-name="Numbering_20_Symbols" style:num-suffix=" " style:num-format="1" text:display-levels="6"><style:list-level-properties fo:text-align="end"/></text:outline-level-style><text:outline-level-style text:level="7" text:style-name="Numbering_20_Symbols" style:num-suffix=" " style:num-format="1" text:display-levels="7"><style:list-level-properties fo:text-align="end"/></text:outline-level-style><text:outline-level-style text:level="8" text:style-name="Numbering_20_Symbols" style:num-suffix=" " style:num-format="1" text:display-levels="8"><style:list-level-properties fo:text-align="end"/></text:outline-level-style><text:outline-level-style text:level="9" text:style-name="Numbering_20_Symbols" style:num-suffix=" " style:num-format="1" text:display-levels="9"><style:list-level-properties fo:text-align="end"/></text:outline-level-style><text:outline-level-style text:level="10" text:style-name="Numbering_20_Symbols" style:num-suffix=" " style:num-format="1" text:display-levels="10"><style:list-level-properties fo:text-align="end"/></text:outline-level-style></text:outline-style><text:list-style style:name="List_20_1" style:display-name="List 1"><text:list-level-style-bullet text:level="1" text:style-name="Bullet_20_Symbols" text:bullet-char="▸"><style:list-level-properties text:min-label-width="0.1965in"/><style:text-properties style:font-name="OpenSymbol"/></text:list-level-style-bullet><text:list-level-style-bullet text:level="2" text:style-name="Bullet_20_Symbols" text:bullet-char=""><style:list-level-properties text:space-before="0.1965in" text:min-label-width="0.1965in"/><style:text-properties style:font-name="OpenSymbol"/></text:list-level-style-bullet><text:list-level-style-bullet text:level="3" text:style-name="Bullet_20_Symbols" text:bullet-char=""><style:list-level-properties text:space-before="0.3933in" text:min-label-width="0.1965in"/><style:text-properties style:font-name="OpenSymbol"/></text:list-level-style-bullet><text:list-level-style-bullet text:level="4" text:style-name="Numbering_20_Symbols" text:bullet-char="­"><style:list-level-properties text:space-before="0.4724in" text:min-label-width="0.1575in"/><style:text-properties style:font-name="Cantarell"/></text:list-level-style-bullet><text:list-level-style-bullet text:level="5" text:style-name="Numbering_20_Symbols" text:bullet-char="•"><style:list-level-properties text:space-before="0.6299in" text:min-label-width="0.1575in"/><style:text-properties style:font-name="StarSymbol"/></text:list-level-style-bullet><text:list-level-style-bullet text:level="6" text:style-name="Numbering_20_Symbols" text:bullet-char="•"><style:list-level-properties text:space-before="0.7878in" text:min-label-width="0.1575in"/><style:text-properties style:font-name="StarSymbol"/></text:list-level-style-bullet><text:list-level-style-bullet text:level="7" text:style-name="Numbering_20_Symbols" text:bullet-char="•"><style:list-level-properties text:space-before="0.9445in" text:min-label-width="0.1575in"/><style:text-properties style:font-name="StarSymbol"/></text:list-level-style-bullet><text:list-level-style-bullet text:level="8" text:style-name="Numbering_20_Symbols" text:bullet-char="•"><style:list-level-properties text:space-before="1.1024in" text:min-label-width="0.1575in"/><style:text-properties style:font-name="StarSymbol"/></text:list-level-style-bullet><text:list-level-style-bullet text:level="9" text:style-name="Numbering_20_Symbols" text:bullet-char="•"><style:list-level-properties text:space-before="1.2598in" text:min-label-width="0.1575in"/><style:text-properties style:font-name="StarSymbol"/></text:list-level-style-bullet><text:list-level-style-bullet text:level="10" text:style-name="Numbering_20_Symbols" text:bullet-char="•"><style:list-level-properties text:space-before="1.4177in" text:min-label-width="0.1575in"/><style:text-properties style:font-name="StarSymbol"/></text:list-level-style-bullet></text:list-style><text:list-style style:name="List_20_2" style:display-name="List 2"><text:list-level-style-bullet text:level="1" text:style-name="Bullet_20_Symbols" style:num-prefix=" " text:bullet-char=""><style:list-level-properties text:min-label-width="0.1965in"/><style:text-properties fo:font-family="StarSymbol" style:font-charset="x-symbol"/></text:list-level-style-bullet><text:list-level-style-bullet text:level="2" text:style-name="Bullet_20_Symbols" style:num-prefix=" " text:bullet-char=""><style:list-level-properties text:space-before="0.1181in" text:min-label-width="0.1181in"/><style:text-properties fo:font-family="StarSymbol" style:font-charset="x-symbol"/></text:list-level-style-bullet><text:list-level-style-bullet text:level="3" text:style-name="Bullet_20_Symbols" style:num-prefix=" " text:bullet-char=""><style:list-level-properties text:space-before="0.2362in" text:min-label-width="0.1181in"/><style:text-properties fo:font-family="StarSymbol" style:font-charset="x-symbol"/></text:list-level-style-bullet><text:list-level-style-bullet text:level="4" text:style-name="Bullet_20_Symbols" style:num-prefix=" " text:bullet-char="•"><style:list-level-properties text:space-before="0.3539in" text:min-label-width="0.1181in"/><style:text-properties fo:font-family="StarSymbol" style:font-charset="x-symbol"/></text:list-level-style-bullet><text:list-level-style-bullet text:level="5" text:style-name="Bullet_20_Symbols" style:num-prefix=" " text:bullet-char="•"><style:list-level-properties text:space-before="0.472in" text:min-label-width="0.1181in"/><style:text-properties fo:font-family="StarSymbol" style:font-charset="x-symbol"/></text:list-level-style-bullet><text:list-level-style-bullet text:level="6" text:style-name="Bullet_20_Symbols" style:num-prefix=" " text:bullet-char="•"><style:list-level-properties text:space-before="0.5902in" text:min-label-width="0.1181in"/><style:text-properties fo:font-family="StarSymbol" style:font-charset="x-symbol"/></text:list-level-style-bullet><text:list-level-style-bullet text:level="7" text:style-name="Bullet_20_Symbols" style:num-prefix=" " text:bullet-char="•"><style:list-level-properties text:space-before="0.7091in" text:min-label-width="0.1181in"/><style:text-properties fo:font-family="StarSymbol" style:font-charset="x-symbol"/></text:list-level-style-bullet><text:list-level-style-bullet text:level="8" text:style-name="Bullet_20_Symbols" style:num-prefix=" " text:bullet-char="•"><style:list-level-properties text:space-before="0.8272in" text:min-label-width="0.1181in"/><style:text-properties fo:font-family="StarSymbol" style:font-charset="x-symbol"/></text:list-level-style-bullet><text:list-level-style-bullet text:level="9" text:style-name="Bullet_20_Symbols" style:num-prefix=" " text:bullet-char="•"><style:list-level-properties text:space-before="0.9453in" text:min-label-width="0.1181in"/><style:text-properties fo:font-family="StarSymbol" style:font-charset="x-symbol"/></text:list-level-style-bullet><text:list-level-style-bullet text:level="10" text:style-name="Bullet_20_Symbols" style:num-prefix=" " text:bullet-char="•"><style:list-level-properties text:space-before="1.063in" text:min-label-width="0.1181in"/><style:text-properties fo:font-family="StarSymbol" style:font-charset="x-symbol"/></text:list-level-style-bullet></text:list-style><text:list-style style:name="List_20_3" style:display-name="List 3"><text:list-level-style-bullet text:level="1" text:style-name="Numbering_20_Symbols" text:bullet-char="☑"><style:list-level-properties text:min-label-width="0.1555in"/><style:text-properties style:font-name="StarSymbol"/></text:list-level-style-bullet><text:list-level-style-bullet text:level="2" text:style-name="Numbering_20_Symbols" text:bullet-char="□"><style:list-level-properties text:space-before="0.1555in" text:min-label-width="0.1555in"/><style:text-properties style:font-name="StarSymbol"/></text:list-level-style-bullet><text:list-level-style-bullet text:level="3" text:style-name="Numbering_20_Symbols" text:bullet-char="☑"><style:list-level-properties text:min-label-width="0.1555in"/><style:text-properties style:font-name="StarSymbol"/></text:list-level-style-bullet><text:list-level-style-bullet text:level="4" text:style-name="Numbering_20_Symbols" text:bullet-char="□"><style:list-level-properties text:space-before="0.1555in" text:min-label-width="0.1555in"/><style:text-properties style:font-name="StarSymbol"/></text:list-level-style-bullet><text:list-level-style-bullet text:level="5" text:style-name="Numbering_20_Symbols" text:bullet-char="☑"><style:list-level-properties text:min-label-width="0.1555in"/><style:text-properties style:font-name="StarSymbol"/></text:list-level-style-bullet><text:list-level-style-bullet text:level="6" text:style-name="Numbering_20_Symbols" text:bullet-char="□"><style:list-level-properties text:space-before="0.1555in" text:min-label-width="0.1555in"/><style:text-properties style:font-name="StarSymbol"/></text:list-level-style-bullet><text:list-level-style-bullet text:level="7" text:style-name="Numbering_20_Symbols" text:bullet-char="☑"><style:list-level-properties text:min-label-width="0.1555in"/><style:text-properties style:font-name="StarSymbol"/></text:list-level-style-bullet><text:list-level-style-bullet text:level="8" text:style-name="Numbering_20_Symbols" text:bullet-char="□"><style:list-level-properties text:space-before="0.1555in" text:min-label-width="0.1555in"/><style:text-properties style:font-name="StarSymbol"/></text:list-level-style-bullet><text:list-level-style-bullet text:level="9" text:style-name="Numbering_20_Symbols" text:bullet-char="☑"><style:list-level-properties text:min-label-width="0.1555in"/><style:text-properties style:font-name="StarSymbol"/></text:list-level-style-bullet><text:list-level-style-bullet text:level="10" text:style-name="Numbering_20_Symbols" text:bullet-char="□"><style:list-level-properties text:space-before="0.1555in" text:min-label-width="0.1555in"/><style:text-properties style:font-name="StarSymbol"/></text:list-level-style-bullet></text:list-style><text:list-style style:name="WW8Num3"><text:list-level-style-bullet text:level="1" text:style-name="Zeichenformat" text:bullet-char=""><style:list-level-properties text:min-label-width="0.2362in"/><style:text-properties style:font-name="Symbol"/></text:list-level-style-bullet><text:list-level-style-bullet text:level="2" text:style-name="Zeichenformat" text:bullet-char=""><style:list-level-properties text:space-before="0.2358in" text:min-label-width="0.2362in"/><style:text-properties style:font-name="Wingdings"/></text:list-level-style-bullet><text:list-level-style-bullet text:level="3" text:style-name="Zeichenformat" text:bullet-char=""><style:list-level-properties text:space-before="0.472in" text:min-label-width="0.2362in"/><style:text-properties style:font-name="Wingdings1"/></text:list-level-style-bullet><text:list-level-style-bullet text:level="4" text:style-name="Zeichenformat" text:bullet-char=""><style:list-level-properties text:space-before="0.7083in" text:min-label-width="0.2362in"/><style:text-properties style:font-name="Symbol"/></text:list-level-style-bullet><text:list-level-style-bullet text:level="5" text:style-name="Zeichenformat" text:bullet-char=""><style:list-level-properties text:space-before="1.25in" text:min-label-width="0.25in"/><style:text-properties style:font-name="Symbol"/></text:list-level-style-bullet><text:list-level-style-bullet text:level="6" text:style-name="Zeichenformat" text:bullet-char=""><style:list-level-properties text:space-before="1.5in" text:min-label-width="0.25in"/><style:text-properties style:font-name="Wingdings"/></text:list-level-style-bullet><text:list-level-style-bullet text:level="7" text:style-name="Zeichenformat" text:bullet-char=""><style:list-level-properties text:space-before="1.75in" text:min-label-width="0.25in"/><style:text-properties style:font-name="Wingdings"/></text:list-level-style-bullet><text:list-level-style-bullet text:level="8" text:style-name="Zeichenformat" text:bullet-char=""><style:list-level-properties text:space-before="2in" text:min-label-width="0.25in"/><style:text-properties style:font-name="Symbol"/></text:list-level-style-bullet><text:list-level-style-bullet text:level="9" text:style-name="Zeichenformat" text:bullet-char=""><style:list-level-properties text:space-before="2.25in" text:min-label-width="0.25in"/><style:text-properties style:font-name="Symbol"/></text:list-level-style-bullet><text:list-level-style-number text:level="10" style:num-suffix="." style:num-format="1"><style:list-level-properties text:space-before="2.5in" text:min-label-width="0.25in"/></text:list-level-style-number></text:list-style><text:notes-configuration text:note-class="footnote" text:citation-style-name="Footnote_20_Symbol" text:citation-body-style-name="Footnote_20_anchor" style:num-format="1" text:start-value="0" text:footnotes-position="page" text:start-numbering-at="document"/><text:notes-configuration text:note-class="endnote" style:num-format="i" text:start-value="0"/><text:linenumbering-configuration text:number-lines="false" text:offset="0.1965in" style:num-format="1" text:number-position="left" text:increment="5"/></office:styles><office:automatic-styles><style:style style:name="Tableau5" style:family="table"><style:table-properties style:width="6.4965in" table:align="margins" fo:keep-with-next="always"/></style:style><style:style style:name="Tableau5.A" style:family="table-column"><style:table-column-properties style:column-width="1.0826in" style:rel-column-width="10921*"/></style:style><style:style style:name="Tableau5.B" style:family="table-column"><style:table-column-properties style:column-width="4.3306in" style:rel-column-width="43685*"/></style:style><style:style style:name="Tableau5.C" style:family="table-column"><style:table-column-properties style:column-width="1.0833in" style:rel-column-width="10929*"/></style:style><style:style style:name="Tableau5.A1" style:family="table-cell"><style:table-cell-properties style:vertical-align="middle" fo:padding="0.0382in" fo:border="none"/></style:style><style:style style:name="Tableau5.B1" style:family="table-cell"><style:table-cell-properties style:vertical-align="middle" fo:background-color="transparent" fo:padding="0.0382in" fo:border="none"><style:background-image/></style:table-cell-properties></style:style><style:style style:name="Tableau7" style:family="table" style:master-page-name="Standard"><style:table-properties style:width="6.6931in" style:page-number="auto" table:align="margins"/></style:style><style:style style:name="Tableau7.A" style:family="table-column"><style:table-column-properties style:column-width="1.575in" style:rel-column-width="15423*"/></style:style><style:style style:name="Tableau7.D" style:family="table-column"><style:table-column-properties style:column-width="1.9674in" style:rel-column-width="19266*"/></style:style><style:style style:name="Tableau7.1" style:family="table-row"><style:table-row-properties style:min-row-height="0.116in"/></style:style><style:style style:name="Tableau7.A1" style:family="table-cell"><style:table-cell-properties fo:padding="0.0382in" fo:border="none"/></style:style><style:style style:name="Tableau7.D4" style:family="table-cell"><style:table-cell-properties fo:background-color="transparent" fo:padding="0.0382in" fo:border="none"><style:background-image/></style:table-cell-properties></style:style><style:style style:name="Tableau4" style:family="table"><style:table-properties style:width="6.6931in" table:align="margins"/></style:style><style:style style:name="Tableau4.A" style:family="table-column"><style:table-column-properties style:column-width="1.1111in" style:rel-column-width="10879*"/></style:style><style:style style:name="Tableau4.B" style:family="table-column"><style:table-column-properties style:column-width="4.3688in" style:rel-column-width="42776*"/></style:style><style:style style:name="Tableau4.C" style:family="table-column"><style:table-column-properties style:column-width="1.2132in" style:rel-column-width="11880*"/></style:style><style:style style:name="Tableau4.A1" style:family="table-cell"><style:table-cell-properties style:vertical-align="middle" fo:background-color="transparent" fo:padding="0.0382in" fo:border="none"><style:background-image/></style:table-cell-properties></style:style><style:style style:name="MP1" style:family="paragraph"><style:paragraph-properties fo:margin-left="0in" fo:margin-right="0in" fo:margin-top="0in" fo:margin-bottom="0in" fo:line-height="93%" fo:text-align="center" fo:text-indent="0in" style:punctuation-wrap="hanging" style:line-break="strict"><style:tab-stops><style:tab-stop style:position="0in"/><style:tab-stop style:position="0.4909in"/><style:tab-stop style:position="0.9823in"/><style:tab-stop style:position="1.4736in"/><style:tab-stop style:position="1.965in"/><style:tab-stop style:position="2.4563in"/><style:tab-stop style:position="2.9476in"/><style:tab-stop style:position="3.439in"/><style:tab-stop style:position="3.9303in"/><style:tab-stop style:position="4.4217in"/><style:tab-stop style:position="4.913in"/><style:tab-stop style:position="5.4043in"/><style:tab-stop style:position="5.8957in"/><style:tab-stop style:position="6.387in"/><style:tab-stop style:position="6.8783in"/><style:tab-stop style:position="7.3697in"/><style:tab-stop style:position="7.861in"/><style:tab-stop style:position="8.3524in"/><style:tab-stop style:position="8.8437in"/><style:tab-stop style:position="9.335in"/><style:tab-stop style:position="9.8264in"/></style:tab-stops></style:paragraph-properties><style:text-properties fo:color="#000000" style:text-outline="false" style:text-line-through-style="none" style:text-position="0% 100%" style:font-name="Arial2" fo:font-size="24pt" fo:font-style="normal" fo:text-shadow="none" style:text-underline-style="none" fo:font-weight="normal" style:font-name-asian="Arial Unicode MS" style:font-size-asian="24pt" style:font-style-asian="normal" style:font-weight-asian="normal" style:font-name-complex="Arial Unicode MS" style:font-size-complex="24pt" style:font-style-complex="normal" style:font-weight-complex="normal" style:text-emphasize="none" style:font-relief="none"/></style:style><style:style style:name="MP2" style:family="paragraph" style:parent-style-name="Header"><style:paragraph-properties fo:line-height="100%"/></style:style><style:style style:name="MP3" style:family="paragraph" style:parent-style-name="Table_20_Contents"><style:paragraph-properties fo:text-align="center" style:justify-single-word="false"/></style:style><style:style style:name="MP4" style:family="paragraph" style:parent-style-name="Standard"><style:text-properties fo:font-size="2pt" style:font-size-asian="2pt" style:font-size-complex="2pt"/></style:style><style:style style:name="MP5" style:family="paragraph" style:parent-style-name="Footer"><style:text-properties style:font-name="Arial1" fo:font-size="6pt" style:font-size-asian="6pt" style:font-size-complex="6pt"/></style:style><style:style style:name="MP6" style:family="paragraph" style:parent-style-name="Frame_20_contents"><style:paragraph-properties fo:text-align="center" style:justify-single-word="false"/><style:text-properties fo:font-size="9pt" style:font-size-asian="9pt" style:font-size-complex="9pt"/></style:style><style:style style:name="MP7" style:family="paragraph"><style:paragraph-properties fo:text-align="center"/></style:style><style:style style:name="MP8" style:family="paragraph" style:parent-style-name="Title" style:master-page-name="First_20_Page"><style:paragraph-properties fo:margin-left="0in" fo:margin-right="0in" fo:margin-top="3.1492in" fo:margin-bottom="0.0827in" fo:line-height="100%" fo:text-align="center" style:justify-single-word="false" style:register-true="true" fo:text-indent="0in" style:auto-text-indent="false" style:page-number="auto" fo:background-color="transparent" style:shadow="none"><style:tab-stops/><style:background-image/></style:paragraph-properties><style:text-properties fo:font-size="20pt" style:font-name-asian="DejaVu Sans" style:font-size-asian="20pt" style:font-name-complex="DejaVu Sans" style:font-size-complex="20pt"/></style:style><style:style style:name="MP9" style:family="paragraph" style:parent-style-name="Standard" style:master-page-name="Standard"><style:paragraph-properties fo:line-height="0.0783in" style:page-number="auto"/><style:text-properties style:font-name="Lucida Sans3" fo:font-size="6pt" fo:font-weight="bold" style:font-size-asian="6pt" style:font-weight-asian="bold" style:font-size-complex="6pt" style:font-weight-complex="bold"/></style:style><style:style style:name="MP10" style:family="paragraph" style:parent-style-name="Table_20_Contents"><style:paragraph-properties fo:line-height="0.0783in"/><style:text-properties style:font-name="Lucida Sans3" fo:font-size="6pt" fo:font-weight="bold" style:font-size-asian="6pt" style:font-weight-asian="bold" style:font-size-complex="6pt" style:font-weight-complex="bold"/></style:style><style:style style:name="MP11" style:family="paragraph" style:parent-style-name="Standard"><style:paragraph-properties fo:line-height="0.0783in"/><style:text-properties style:font-name="Lucida Sans3" fo:font-size="6pt" fo:font-weight="bold" style:font-size-asian="6pt" style:font-weight-asian="bold" style:font-size-complex="6pt" style:font-weight-complex="bold"/></style:style><style:style style:name="MP12" style:family="paragraph" style:parent-style-name="Standard" style:master-page-name=""><style:paragraph-properties fo:margin-top="0.0783in" fo:margin-bottom="0in" style:page-number="auto" style:vertical-align="bottom"><style:tab-stops><style:tab-stop style:position="6.6827in" style:type="right"/></style:tab-stops></style:paragraph-properties><style:text-properties fo:color="#000000" style:text-outline="false" style:text-line-through-style="none" style:font-name="Lucida Sans3" fo:font-size="6pt" fo:font-style="normal" fo:text-shadow="none" style:text-underline-style="none" fo:font-weight="normal" style:font-name-asian="Lucida Sans3" style:font-size-asian="6pt" style:font-style-asian="normal" style:font-weight-asian="normal" style:font-name-complex="Lucida Sans3" style:font-size-complex="6pt" style:font-style-complex="normal" style:font-weight-complex="normal" style:text-emphasize="none"/></style:style><style:style style:name="MP13" style:family="paragraph" style:parent-style-name="Header"><style:paragraph-properties fo:line-height="100%"><style:tab-stops><style:tab-stop style:position="3.3465in" style:type="center" style:leader-style="solid" style:leader-text="_"/><style:tab-stop style:position="6.6929in" style:type="right" style:leader-style="solid" style:leader-text="_"/></style:tab-stops></style:paragraph-properties><style:text-properties style:font-name="Arial1" fo:font-size="2pt" fo:font-weight="bold" style:font-size-asian="2pt" style:font-weight-asian="bold" style:font-size-complex="2pt" style:font-weight-complex="bold"/></style:style><style:style style:name="Mfr1" style:family="graphic" style:parent-style-name="Frame"><style:graphic-properties fo:margin-left="0in" fo:margin-right="0in" fo:margin-top="0in" fo:margin-bottom="0in" style:protect="none" style:vertical-pos="from-top" style:vertical-rel="paragraph" style:horizontal-pos="from-left" style:horizontal-rel="paragraph" fo:background-color="transparent" style:background-transparency="100%" fo:padding="0in" fo:border="none" style:shadow="none"><style:background-image/><style:columns fo:column-count="1" fo:column-gap="0in"/></style:graphic-properties></style:style><style:style style:name="Mgr1" style:family="graphic"><style:graphic-properties draw:stroke="none" svg:stroke-width="0in" svg:stroke-color="#000000" draw:marker-start="" draw:marker-start-width="0.1181in" draw:marker-start-center="false" draw:marker-end="" draw:marker-end-width="0.1181in" draw:marker-end-center="false" draw:fill="none" draw:fill-color="#99ccff" draw:textarea-horizontal-align="center" draw:textarea-vertical-align="middle" fo:padding-top="0.0492in" fo:padding-bottom="0.0492in" fo:padding-left="0.0984in" fo:padding-right="0.0984in" draw:shadow="hidden" draw:shadow-offset-x="0.1181in" draw:shadow-offset-y="0.1181in" draw:shadow-color="#808080" draw:color-mode="standard" draw:luminance="0%" draw:contrast="0%" draw:gamma="100%" draw:red="0%" draw:green="0%" draw:blue="0%" fo:clip="rect(0in, 0in, 0in, 0in)" draw:image-opacity="100%" style:mirror="none" style:run-through="foreground" style:wrap="run-through" style:number-wrapped-paragraphs="no-limit" style:vertical-pos="middle" style:vertical-rel="baseline" style:horizontal-pos="from-left" style:horizontal-rel="paragraph" draw:wrap-influence-on-position="once-concurrent" style:flow-with-text="false"/></style:style><style:style style:name="Mgr2" style:family="graphic"><style:graphic-properties draw:stroke="none" svg:stroke-width="0in" svg:stroke-color="#000000" draw:marker-start="" draw:marker-start-width="0.1181in" draw:marker-start-center="false" draw:marker-end="" draw:marker-end-width="0.1181in" draw:marker-end-center="false" draw:fill="none" draw:fill-color="#99ccff" draw:textarea-horizontal-align="center" draw:textarea-vertical-align="middle" fo:padding-top="0.0492in" fo:padding-bottom="0.0492in" fo:padding-left="0.0984in" fo:padding-right="0.0984in" draw:shadow="hidden" draw:shadow-offset-x="0.1181in" draw:shadow-offset-y="0.1181in" draw:shadow-color="#808080" draw:color-mode="standard" draw:luminance="0%" draw:contrast="0%" draw:gamma="100%" draw:red="0%" draw:green="0%" draw:blue="0%" fo:clip="rect(0in, 0in, 0in, 0in)" draw:image-opacity="100%" style:mirror="none" style:run-through="foreground" style:wrap="run-through" style:number-wrapped-paragraphs="no-limit" style:vertical-pos="middle" style:vertical-rel="text" style:horizontal-pos="from-left" style:horizontal-rel="paragraph" draw:wrap-influence-on-position="once-concurrent" style:flow-with-text="false"/></style:style><style:style style:name="Mgr3" style:family="graphic"><style:graphic-properties draw:stroke="solid" draw:stroke-dash="Ultrafine_20_Dashed" svg:stroke-width="0.0043in" svg:stroke-color="#808080" draw:marker-start-width="0.1457in" draw:marker-end-width="0.1457in" draw:fill="none" draw:textarea-horizontal-align="justify" draw:textarea-vertical-align="middle" draw:auto-grow-height="false" fo:min-height="0in" fo:min-width="0in" fo:padding-top="0in" fo:padding-bottom="0in" fo:padding-left="0in" fo:padding-right="0in" style:protect="position size" style:run-through="foreground" style:vertical-pos="from-top" style:vertical-rel="paragraph" style:horizontal-pos="from-left" style:horizontal-rel="paragraph" draw:wrap-influence-on-position="once-concurrent" style:flow-with-text="false"/></style:style><style:style style:name="Mgr4" style:family="graphic"><style:graphic-properties draw:stroke="solid" draw:stroke-dash="Ultrafine_20_Dashed" svg:stroke-width="0.0043in" svg:stroke-color="#808080" draw:marker-start-width="0.1457in" draw:marker-end-width="0.1457in" draw:fill="none" draw:textarea-horizontal-align="center" draw:textarea-vertical-align="middle" fo:padding-top="0.002in" fo:padding-bottom="0.002in" fo:padding-left="0.002in" fo:padding-right="0.002in" style:protect="position size" style:run-through="foreground" style:vertical-pos="from-top" style:vertical-rel="paragraph" style:horizontal-pos="from-left" style:horizontal-rel="paragraph" draw:wrap-influence-on-position="once-concurrent" style:flow-with-text="false"/></style:style><style:page-layout style:name="Mpm1"><style:page-layout-properties fo:page-width="8.2681in" fo:page-height="11.6929in" style:num-format="1" style:print-orientation="portrait" fo:margin-top="0.7874in" fo:margin-bottom="0.7874in" fo:margin-left="0.9839in" fo:margin-right="0.7874in" style:shadow="none" fo:background-color="transparent" style:writing-mode="lr-tb" style:footnote-max-height="0in"><style:background-image/><style:columns fo:column-count="1" fo:column-gap="0in"/><style:footnote-sep style:width="0.0071in" style:distance-before-sep="0.0398in" style:distance-after-sep="0.0398in" style:line-style="none" style:adjustment="left" style:rel-width="25%" style:color="#000000"/></style:page-layout-properties><style:header-style><style:header-footer-properties fo:min-height="0.2362in" fo:margin-left="0in" fo:margin-right="0in" fo:margin-bottom="0.1965in" fo:border-top="none" fo:border-bottom="0.51pt solid #0066a2" fo:border-left="none" fo:border-right="none" fo:padding="0in" style:shadow="none" style:dynamic-spacing="false"/></style:header-style><style:footer-style><style:header-footer-properties fo:min-height="0.2362in" fo:margin-left="0in" fo:margin-right="0in" fo:margin-top="0.1965in" style:dynamic-spacing="false"/></style:footer-style></style:page-layout><style:page-layout style:name="Mpm2"><style:page-layout-properties fo:page-width="8.2681in" fo:page-height="11.6929in" style:num-format="1" style:print-orientation="portrait" fo:margin="0.7874in" fo:margin-top="0.7874in" fo:margin-bottom="0.7874in" fo:margin-left="0.7874in" fo:margin-right="0.7874in" fo:background-color="transparent" style:writing-mode="lr-tb" style:footnote-max-height="0in"><style:background-image/><style:columns fo:column-count="1" fo:column-gap="0in"/><style:footnote-sep style:width="0.0071in" style:distance-before-sep="0.0398in" style:distance-after-sep="0.0398in" style:line-style="none" style:adjustment="left" style:rel-width="25%" style:color="#000000"/></style:page-layout-properties><style:header-style><style:header-footer-properties svg:height="4.5272in" fo:margin-left="0in" fo:margin-right="0in" fo:margin-bottom="0.1965in" style:shadow="none" style:dynamic-spacing="false"/></style:header-style><style:footer-style><style:header-footer-properties fo:min-height="0.9839in" fo:margin-left="0in" fo:margin-right="0in" fo:margin-top="0.1965in" style:dynamic-spacing="false"/></style:footer-style></style:page-layout><style:page-layout style:name="Mpm3"><style:page-layout-properties fo:page-width="8.2681in" fo:page-height="11.6929in" style:num-format="i" style:print-orientation="portrait" fo:margin="0.7874in" fo:margin-top="0.7874in" fo:margin-bottom="0.7874in" fo:margin-left="0.7874in" fo:margin-right="0.7874in" style:writing-mode="lr-tb" style:footnote-max-height="0in"><style:footnote-sep style:width="0.0071in" style:distance-before-sep="0.0398in" style:distance-after-sep="0.0398in" style:line-style="none" style:adjustment="left" style:rel-width="25%" style:color="#000000"/></style:page-layout-properties><style:header-style><style:header-footer-properties fo:min-height="0.2362in" fo:margin-left="0in" fo:margin-right="0in" fo:margin-bottom="0.1965in" fo:border-top="none" fo:border-bottom="0.06pt solid #0066a2" fo:border-left="none" fo:border-right="none" fo:padding="0in" style:shadow="none" style:dynamic-spacing="false"/></style:header-style><style:footer-style><style:header-footer-properties fo:min-height="0in" fo:margin-left="0in" fo:margin-right="0in" fo:margin-top="0.1965in"/></style:footer-style></style:page-layout><style:page-layout style:name="Mpm4"><style:page-layout-properties fo:page-width="8.2681in" fo:page-height="11.6929in" style:num-format="1" style:print-orientation="portrait" fo:margin="0.7874in" fo:margin-top="0.7874in" fo:margin-bottom="0.7874in" fo:margin-left="0.7874in" fo:margin-right="0.7874in" style:writing-mode="lr-tb" style:footnote-max-height="0in"><style:footnote-sep style:width="0.0071in" style:distance-before-sep="0.0398in" style:distance-after-sep="0.0398in" style:line-style="none" style:adjustment="left" style:rel-width="25%" style:color="#000000"/></style:page-layout-properties><style:header-style/><style:footer-style/></style:page-layout><style:page-layout style:name="Mpm5"><style:page-layout-properties fo:page-width="8.2681in" fo:page-height="11.6929in" style:num-format="1" style:print-orientation="portrait" fo:margin-top="0.3937in" fo:margin-bottom="0.3937in" fo:margin-left="0.7874in" fo:margin-right="0.3937in" style:writing-mode="lr-tb" style:footnote-max-height="0in"><style:footnote-sep style:width="0.0071in" style:distance-before-sep="0.0398in" style:distance-after-sep="0.0398in" style:line-style="none" style:adjustment="left" style:rel-width="25%" style:color="#000000"/></style:page-layout-properties><style:header-style/><style:footer-style/></style:page-layout><number:number-style style:name="N0"><number:number number:min-integer-digits="1"/></number:number-style></office:automatic-styles><office:master-styles><style:master-page style:name="Standard" style:page-layout-name="Mpm1"><style:header><table:table table:name="Tableau5" table:style-name="Tableau5"><table:table-column table:style-name="Tableau5.A"/><table:table-column table:style-name="Tableau5.B"/><table:table-column table:style-name="Tableau5.C"/><table:table-row><table:table-cell table:style-name="Tableau5.A1" office:value-type="string"><text:p text:style-name="Table_20_Contents"><draw:frame text:anchor-type="as-char" draw:z-index="12" draw:style-name="Mgr1" draw:text-style-name="MP1" svg:width="1.0358in" svg:height="0.7878in"><draw:image xlink:href="Pictures/100000000000023200000194FE524BFD.jpg" xlink:type="simple" xlink:show="embed" xlink:actuate="onLoad"><text:p/></draw:image></draw:frame></text:p></table:table-cell><table:table-cell table:style-name="Tableau5.B1" office:value-type="string"><text:p text:style-name="Header"><text:user-defined style:data-style-name="N0" text:name="Projet">Support à l&apos;usage des Logiciels Libres</text:user-defined></text:p><text:p text:style-name="MP2"><text:subject>Veille technique</text:subject> - <text:title>OLAP</text:title></text:p></table:table-cell><table:table-cell table:style-name="Tableau5.A1" office:value-type="string"><text:p text:style-name="MP3"><draw:frame text:anchor-type="as-char" draw:z-index="14" draw:style-name="Mgr2" draw:text-style-name="MP1" svg:width="1.0004in" svg:height="0.335in"><draw:image xlink:href="Pictures/1000020100000280000000D8F71E59FF.png" xlink:type="simple" xlink:show="embed" xlink:actuate="onLoad"><text:p/></draw:image></draw:frame></text:p></table:table-cell></table:table-row></table:table><text:p text:style-name="MP4"/></style:header><style:footer><text:p text:style-name="MP5"><draw:frame draw:style-name="Mfr1" draw:name="Cadre3" text:anchor-type="paragraph" svg:x="6.6138in" svg:y="-0.1965in" svg:width="0.1965in" draw:z-index="20"><draw:text-box fo:min-height="0.1965in"><text:p text:style-name="MP6"><text:page-number text:select-page="current">2</text:page-number></text:p></draw:text-box></draw:frame><draw:custom-shape text:anchor-type="paragraph" draw:z-index="6" draw:style-name="Mgr3" draw:text-style-name="MP7" svg:width="0.2362in" svg:height="0.2362in" svg:x="6.5945in" svg:y="-0.2165in"><text:p/><draw:enhanced-geometry svg:viewBox="0 0 21600 21600" draw:path-stretchpoint-x="10800" draw:path-stretchpoint-y="10800" draw:text-areas="?f3 ?f4 ?f5 ?f6" draw:type="round-rectangle" draw:modifiers="3600" draw:enhanced-path="M ?f7 0 X 0 ?f8 L 0 ?f9 Y ?f7 21600 L ?f10 21600 X 21600 ?f9 L 21600 ?f8 Y ?f10 0 Z N"><draw:equation draw:name="f0" draw:formula="45"/><draw:equation draw:name="f1" draw:formula="$0 *sin(?f0 *(pi/180))"/><draw:equation draw:name="f2" draw:formula="?f1 *3163/7636"/><draw:equation draw:name="f3" draw:formula="left+?f2 "/><draw:equation draw:name="f4" draw:formula="top+?f2 "/><draw:equation draw:name="f5" draw:formula="right-?f2 "/><draw:equation draw:name="f6" draw:formula="bottom-?f2 "/><draw:equation draw:name="f7" draw:formula="left+$0 "/><draw:equation draw:name="f8" draw:formula="top+$0 "/><draw:equation draw:name="f9" draw:formula="bottom-$0 "/><draw:equation draw:name="f10" draw:formula="right-$0 "/><draw:handle draw:handle-position="$0 top" draw:handle-switched="true" draw:handle-range-x-minimum="0" draw:handle-range-x-maximum="10800"/></draw:enhanced-geometry></draw:custom-shape><draw:line text:anchor-type="paragraph" draw:z-index="10" draw:style-name="Mgr4" draw:text-style-name="MP7" svg:x1="-0.0988in" svg:y1="-0.0984in" svg:x2="6.5941in" svg:y2="-0.0984in"><text:p/></draw:line>Réf : <text:file-name text:display="name">template_odt</text:file-name><text:tab/>Date : <text:user-defined style:data-style-name="N0" text:name="Date">28-10-2011</text:user-defined><text:tab/>Version : <text:user-defined style:data-style-name="N0" text:name="Version Majeure">1</text:user-defined>.<text:user-defined style:data-style-name="N0" text:name="Version Mineure">0</text:user-defined></text:p></style:footer></style:master-page><style:master-page style:name="First_20_Page" style:display-name="First Page" style:page-layout-name="Mpm2" style:next-style-name="Page_20_de_20_garde"><style:header><text:p text:style-name="MP8"><text:subject>Veille technique</text:subject> - <text:title>OLAP</text:title></text:p></style:header><style:footer><table:table table:name="Tableau7" table:style-name="Tableau7"><table:table-column table:style-name="Tableau7.A" table:number-columns-repeated="3"/><table:table-column table:style-name="Tableau7.D"/><table:table-row table:style-name="Tableau7.1"><table:table-cell table:style-name="Tableau7.A1" office:value-type="string"><text:p text:style-name="MP9">Atos S.A.</text:p></table:table-cell><table:table-cell table:style-name="Tableau7.A1" office:value-type="string"><text:p text:style-name="MP10">River Ouest</text:p></table:table-cell><table:table-cell table:style-name="Tableau7.A1" office:value-type="string"><text:p text:style-name="MP10">atos.net</text:p></table:table-cell><table:table-cell table:style-name="Tableau7.A1" office:value-type="string"><text:p text:style-name="MP10">Chambre de Commerce</text:p></table:table-cell></table:table-row><table:table-row table:style-name="Tableau7.1"><table:table-cell table:style-name="Tableau7.A1" office:value-type="string"><text:p text:style-name="MP11">Open Source Center</text:p></table:table-cell><table:table-cell table:style-name="Tableau7.A1" office:value-type="string"><text:p text:style-name="MP10">80 Quai Voltaire</text:p></table:table-cell><table:table-cell table:style-name="Tableau7.A1" office:value-type="string"><text:p text:style-name="MP10">portaildulibre.fr</text:p></table:table-cell><table:table-cell table:style-name="Tableau7.A1" office:value-type="string"><text:p text:style-name="MP10">(Registre de commerce)</text:p></table:table-cell></table:table-row><table:table-row table:style-name="Tableau7.1"><table:table-cell table:style-name="Tableau7.A1" office:value-type="string"><text:p text:style-name="MP10"/></table:table-cell><table:table-cell table:style-name="Tableau7.A1" office:value-type="string"><text:p text:style-name="MP10">95877 Bezons</text:p></table:table-cell><table:table-cell table:style-name="Tableau7.A1" office:value-type="string"><text:p text:style-name="MP10">T : +33 (0)1 73 26 00 00</text:p></table:table-cell><table:table-cell table:style-name="Tableau7.A1" office:value-type="string"><text:p text:style-name="MP10">323 623 603 RCS Nanterre </text:p></table:table-cell></table:table-row><table:table-row table:style-name="Tableau7.1"><table:table-cell table:style-name="Tableau7.A1" office:value-type="string"><text:p text:style-name="MP10"/></table:table-cell><table:table-cell table:style-name="Tableau7.A1" office:value-type="string"><text:p text:style-name="MP10">France</text:p></table:table-cell><table:table-cell table:style-name="Tableau7.A1" office:value-type="string"><text:p text:style-name="MP10"/></table:table-cell><table:table-cell table:style-name="Tableau7.D4" office:value-type="string"><text:p text:style-name="MP10"/></table:table-cell></table:table-row></table:table><text:p text:style-name="MP12">Atos, Atos Consulting, Atos Worldline, Atos Sphere, Atos Cloud et Atos WorldGrid sont des marques déposées d’Atos S.A. <text:tab/>© Copyright Juillet 2011, Atos S.A.</text:p></style:footer></style:master-page><style:master-page style:name="Page_20_de_20_garde" style:display-name="Page de garde" style:page-layout-name="Mpm3"><style:header><table:table table:name="Tableau4" table:style-name="Tableau4"><table:table-column table:style-name="Tableau4.A"/><table:table-column table:style-name="Tableau4.B"/><table:table-column table:style-name="Tableau4.C"/><table:table-row><table:table-cell table:style-name="Tableau4.A1" office:value-type="string"><text:p text:style-name="Table_20_Contents"><draw:frame text:anchor-type="as-char" draw:z-index="16" draw:style-name="Mgr1" draw:text-style-name="MP1" svg:width="1.0358in" svg:height="0.7878in"><draw:image xlink:href="Pictures/100000000000023200000194FE524BFD.jpg" xlink:type="simple" xlink:show="embed" xlink:actuate="onLoad"><text:p/></draw:image></draw:frame></text:p></table:table-cell><table:table-cell table:style-name="Tableau4.A1" office:value-type="string"><text:p text:style-name="Header"><text:user-defined style:data-style-name="N0" text:name="Projet">Support à l&apos;usage des Logiciels Libres</text:user-defined></text:p><text:p text:style-name="MP2"><text:subject>Veille technique</text:subject> - <text:title>OLAP</text:title></text:p></table:table-cell><table:table-cell table:style-name="Tableau4.A1" office:value-type="string"><text:p text:style-name="MP3"><draw:frame text:anchor-type="as-char" draw:z-index="18" draw:style-name="Mgr2" draw:text-style-name="MP1" svg:width="1.0004in" svg:height="0.335in"><draw:image xlink:href="Pictures/1000020100000280000000D8F71E59FF.png" xlink:type="simple" xlink:show="embed" xlink:actuate="onLoad"><text:p/></draw:image></draw:frame></text:p></table:table-cell></table:table-row></table:table><text:p text:style-name="MP13"/></style:header><style:footer><text:p text:style-name="MP5"><draw:custom-shape text:anchor-type="paragraph" draw:z-index="2" draw:style-name="Mgr3" draw:text-style-name="MP7" svg:width="0.2362in" svg:height="0.2362in" svg:x="6.7917in" svg:y="-0.2165in"><text:p/><draw:enhanced-geometry svg:viewBox="0 0 21600 21600" draw:path-stretchpoint-x="10800" draw:path-stretchpoint-y="10800" draw:text-areas="?f3 ?f4 ?f5 ?f6" draw:type="round-rectangle" draw:modifiers="3600" draw:enhanced-path="M ?f7 0 X 0 ?f8 L 0 ?f9 Y ?f7 21600 L ?f10 21600 X 21600 ?f9 L 21600 ?f8 Y ?f10 0 Z N"><draw:equation draw:name="f0" draw:formula="45"/><draw:equation draw:name="f1" draw:formula="$0 *sin(?f0 *(pi/180))"/><draw:equation draw:name="f2" draw:formula="?f1 *3163/7636"/><draw:equation draw:name="f3" draw:formula="left+?f2 "/><draw:equation draw:name="f4" draw:formula="top+?f2 "/><draw:equation draw:name="f5" draw:formula="right-?f2 "/><draw:equation draw:name="f6" draw:formula="bottom-?f2 "/><draw:equation draw:name="f7" draw:formula="left+$0 "/><draw:equation draw:name="f8" draw:formula="top+$0 "/><draw:equation draw:name="f9" draw:formula="bottom-$0 "/><draw:equation draw:name="f10" draw:formula="right-$0 "/><draw:handle draw:handle-position="$0 top" draw:handle-switched="true" draw:handle-range-x-minimum="0" draw:handle-range-x-maximum="10800"/></draw:enhanced-geometry></draw:custom-shape><draw:frame draw:style-name="Mfr1" draw:name="Cadre1" text:anchor-type="paragraph" svg:x="6.811in" svg:y="-0.1965in" svg:width="0.1965in" draw:z-index="4"><draw:text-box fo:min-height="0.1965in"><text:p text:style-name="MP6"><text:page-number text:select-page="current">iii</text:page-number></text:p></draw:text-box></draw:frame><draw:line text:anchor-type="paragraph" draw:z-index="8" draw:style-name="Mgr4" draw:text-style-name="MP7" svg:x1="-0.0988in" svg:y1="-0.0984in" svg:x2="6.7906in" svg:y2="-0.0984in"><text:p/></draw:line>Réf : <text:file-name text:display="name">template_odt</text:file-name><text:tab/>Date : <text:user-defined style:data-style-name="N0" text:name="Date">28-10-2011</text:user-defined><text:tab/>Version : <text:user-defined style:data-style-name="N0" text:name="Version Majeure">1</text:user-defined>.<text:user-defined style:data-style-name="N0" text:name="Version Mineure">0</text:user-defined></text:p></style:footer></style:master-page><style:master-page style:name="Index" style:page-layout-name="Mpm4"/><style:master-page style:name="HTML" style:page-layout-name="Mpm5"/></office:master-styles></office:document-styles>