<?xml version="1.0" encoding="UTF-8"?>
<office:document-content xmlns:office="urn:oasis:names:tc:opendocument:xmlns:office:1.0" xmlns:style="urn:oasis:names:tc:opendocument:xmlns:style:1.0" xmlns:text="urn:oasis:names:tc:opendocument:xmlns:text:1.0" xmlns:table="urn:oasis:names:tc:opendocument:xmlns:table:1.0" xmlns:draw="urn:oasis:names:tc:opendocument:xmlns:drawing:1.0" xmlns:fo="urn:oasis:names:tc:opendocument:xmlns:xsl-fo-compatible:1.0" xmlns:xlink="http://www.w3.org/1999/xlink" xmlns:dc="http://purl.org/dc/elements/1.1/" xmlns:meta="urn:oasis:names:tc:opendocument:xmlns:meta:1.0" xmlns:number="urn:oasis:names:tc:opendocument:xmlns:datastyle:1.0" xmlns:presentation="urn:oasis:names:tc:opendocument:xmlns:presentation:1.0" xmlns:svg="urn:oasis:names:tc:opendocument:xmlns:svg-compatible:1.0" xmlns:chart="urn:oasis:names:tc:opendocument:xmlns:chart:1.0" xmlns:dr3d="urn:oasis:names:tc:opendocument:xmlns:dr3d:1.0" xmlns:math="http://www.w3.org/1998/Math/MathML" xmlns:form="urn:oasis:names:tc:opendocument:xmlns:form:1.0" xmlns:script="urn:oasis:names:tc:opendocument:xmlns:script:1.0" xmlns:ooo="http://openoffice.org/2004/office" xmlns:ooow="http://openoffice.org/2004/writer" xmlns:oooc="http://openoffice.org/2004/calc" xmlns:dom="http://www.w3.org/2001/xml-events" xmlns:xforms="http://www.w3.org/2002/xforms" xmlns:xsd="http://www.w3.org/2001/XMLSchema" xmlns:xsi="http://www.w3.org/2001/XMLSchema-instance" xmlns:smil="urn:oasis:names:tc:opendocument:xmlns:smil-compatible:1.0" xmlns:anim="urn:oasis:names:tc:opendocument:xmlns:animation:1.0" xmlns:rpt="http://openoffice.org/2005/report" xmlns:of="urn:oasis:names:tc:opendocument:xmlns:of:1.2" xmlns:xhtml="http://www.w3.org/1999/xhtml" xmlns:grddl="http://www.w3.org/2003/g/data-view#" xmlns:officeooo="http://openoffice.org/2009/office" xmlns:tableooo="http://openoffice.org/2009/table" xmlns:drawooo="http://openoffice.org/2010/draw" xmlns:field="urn:openoffice:names:experimental:ooo-ms-interop:xmlns:field:1.0" xmlns:formx="urn:openoffice:names:experimental:ooxml-odf-interop:xmlns:form:1.0" xmlns:css3t="http://www.w3.org/TR/css3-text/" office:version="1.2"><office:scripts/><office:automatic-styles><style:style style:name="dp1" style:family="drawing-page"><style:drawing-page-properties presentation:background-visible="true" presentation:background-objects-visible="true" presentation:display-footer="true" presentation:display-page-number="true" presentation:display-date-time="true"/></style:style><style:style style:name="dp2" style:family="drawing-page"><style:drawing-page-properties presentation:display-header="true" presentation:display-footer="true" presentation:display-page-number="false" presentation:display-date-time="true"/></style:style><number:date-style style:name="D3"><number:day number:style="long"/><number:text>.</number:text><number:month number:style="long"/><number:text>.</number:text><number:year/></number:date-style><style:style style:name="gr1" style:family="graphic"><style:graphic-properties style:protect="size"/></style:style><style:style style:name="gr2" style:family="graphic" style:parent-style-name="headline"><style:graphic-properties draw:stroke="solid" svg:stroke-color="#808080" draw:textarea-horizontal-align="center" draw:textarea-vertical-align="middle"/></style:style><style:style style:name="gr3" style:family="graphic" style:parent-style-name="headline1" style:list-style-name="L2"><style:graphic-properties draw:auto-grow-height="false" draw:auto-grow-width="false"/></style:style><style:style style:name="gr4" style:family="graphic" style:parent-style-name="headline1" style:list-style-name="L4"><style:graphic-properties draw:auto-grow-height="false" draw:auto-grow-width="false"/></style:style><style:style style:name="gr5" style:family="graphic" style:parent-style-name="headline1" style:list-style-name="L5"><style:graphic-properties draw:auto-grow-height="false" draw:auto-grow-width="false"/></style:style><style:style style:name="pr1" style:family="presentation" style:parent-style-name="SLL_5f_MOD_5f_Pre_5f_Modele_5f_de_5f_presentation-title"><style:graphic-properties draw:auto-grow-height="true" fo:min-height="1.4cm"/></style:style><style:style style:name="pr2" style:family="presentation" style:parent-style-name="SLL_5f_MOD_5f_Pre_5f_Modele_5f_de_5f_presentation-notes"><style:graphic-properties draw:fill-color="#ffffff" fo:min-height="13.364cm"/></style:style><style:style style:name="pr3" style:family="presentation" style:parent-style-name="Sommaire-title"><style:graphic-properties draw:auto-grow-height="true" fo:min-height="1.5cm"/></style:style><style:style style:name="pr4" style:family="presentation" style:parent-style-name="Sommaire-notes"><style:graphic-properties draw:fill-color="#ffffff" fo:min-height="13.365cm"/></style:style><style:style style:name="pr5" style:family="presentation" style:parent-style-name="Green-title"><style:graphic-properties draw:auto-grow-height="true" fo:min-height="1.5cm"/></style:style><style:style style:name="pr6" style:family="presentation" style:parent-style-name="Green-outline1"><style:graphic-properties fo:min-height="13.61cm"/></style:style><style:style style:name="pr7" style:family="presentation" style:parent-style-name="Green-notes"><style:graphic-properties draw:fill-color="#ffffff" fo:min-height="13.365cm"/></style:style><style:style style:name="pr8" style:family="presentation" style:parent-style-name="Blue-title"><style:graphic-properties draw:auto-grow-height="true" fo:min-height="1.5cm"/></style:style><style:style style:name="pr9" style:family="presentation" style:parent-style-name="Blue-outline1"><style:graphic-properties fo:min-height="13.61cm"/></style:style><style:style style:name="pr10" style:family="presentation" style:parent-style-name="Blue-notes"><style:graphic-properties draw:fill-color="#ffffff" fo:min-height="13.365cm"/></style:style><style:style style:name="pr11" style:family="presentation" style:parent-style-name="Purple-title"><style:graphic-properties draw:auto-grow-height="true" fo:min-height="1.5cm"/></style:style><style:style style:name="pr12" style:family="presentation" style:parent-style-name="Purple-outline1"><style:graphic-properties fo:min-height="13.61cm"/></style:style><style:style style:name="pr13" style:family="presentation" style:parent-style-name="Purple-notes"><style:graphic-properties draw:fill-color="#ffffff" fo:min-height="13.365cm"/></style:style><style:style style:name="pr14" style:family="presentation" style:parent-style-name="Licence-title"><style:graphic-properties draw:auto-grow-height="true" fo:min-height="1.5cm"/></style:style><style:style style:name="pr15" style:family="presentation" style:parent-style-name="Licence-notes"><style:graphic-properties draw:fill-color="#ffffff" fo:min-height="13.365cm"/></style:style><style:style style:name="P1" style:family="paragraph"><style:paragraph-properties fo:text-align="start"/></style:style><style:style style:name="P2" style:family="paragraph"><style:text-properties fo:font-size="12pt"/></style:style><style:style style:name="P3" style:family="paragraph"><style:paragraph-properties fo:text-align="center"/></style:style><style:style style:name="P4" style:family="paragraph"><style:text-properties fo:font-family="&apos;Lucida Sans&apos;" style:font-family-generic="swiss" style:font-pitch="variable" fo:font-size="18pt"/></style:style><style:style style:name="P5" style:family="paragraph"><style:text-properties fo:font-size="20pt"/></style:style><style:style style:name="T1" style:family="text"><style:text-properties fo:font-size="12pt" style:font-size-asian="12pt" style:font-size-complex="12pt"/></style:style><style:style style:name="T2" style:family="text"><style:text-properties fo:color="#00b2a9" fo:font-family="&apos;Lucida Sans&apos;" style:font-family-generic="swiss" style:font-pitch="variable" fo:font-size="18pt"/></style:style><style:style style:name="T3" style:family="text"><style:text-properties fo:color="#000000" fo:font-family="&apos;Lucida Sans&apos;" style:font-family-generic="swiss" style:font-pitch="variable" fo:font-size="18pt" fo:font-weight="normal" style:font-weight-asian="normal" style:font-weight-complex="normal"/></style:style><style:style style:name="T4" style:family="text"><style:text-properties fo:color="#0066a2" fo:font-family="&apos;Lucida Sans&apos;" style:font-family-generic="swiss" style:font-pitch="variable" fo:font-size="18pt" fo:font-style="normal" style:font-style-asian="normal" style:font-style-complex="normal"/></style:style><style:style style:name="T5" style:family="text"><style:text-properties fo:color="#a626aa" fo:font-family="&apos;Lucida Sans&apos;" style:font-family-generic="swiss" style:font-pitch="variable" fo:font-size="18pt"/></style:style><text:list-style style:name="L1"><text:list-level-style-bullet text:level="1" text:bullet-char="●"><style:list-level-properties/><style:text-properties fo:font-family="StarSymbol" style:use-window-font-color="true" fo:font-size="45%"/></text:list-level-style-bullet><text:list-level-style-bullet text:level="2" text:bullet-char="●"><style:list-level-properties text:space-before="0.6cm" text:min-label-width="0.6cm"/><style:text-properties fo:font-family="StarSymbol" style:use-window-font-color="true" fo:font-size="45%"/></text:list-level-style-bullet><text:list-level-style-bullet text:level="3" text:bullet-char="●"><style:list-level-properties text:space-before="1.2cm" text:min-label-width="0.6cm"/><style:text-properties fo:font-family="StarSymbol" style:use-window-font-color="true" fo:font-size="45%"/></text:list-level-style-bullet><text:list-level-style-bullet text:level="4" text:bullet-char="●"><style:list-level-properties text:space-before="1.8cm" text:min-label-width="0.6cm"/><style:text-properties fo:font-family="StarSymbol" style:use-window-font-color="true" fo:font-size="45%"/></text:list-level-style-bullet><text:list-level-style-bullet text:level="5" text:bullet-char="●"><style:list-level-properties text:space-before="2.4cm" text:min-label-width="0.6cm"/><style:text-properties fo:font-family="StarSymbol" style:use-window-font-color="true" fo:font-size="45%"/></text:list-level-style-bullet><text:list-level-style-bullet text:level="6" text:bullet-char="●"><style:list-level-properties text:space-before="3cm" text:min-label-width="0.6cm"/><style:text-properties fo:font-family="StarSymbol" style:use-window-font-color="true" fo:font-size="45%"/></text:list-level-style-bullet><text:list-level-style-bullet text:level="7" text:bullet-char="●"><style:list-level-properties text:space-before="3.6cm" text:min-label-width="0.6cm"/><style:text-properties fo:font-family="StarSymbol" style:use-window-font-color="true" fo:font-size="45%"/></text:list-level-style-bullet><text:list-level-style-bullet text:level="8" text:bullet-char="●"><style:list-level-properties text:space-before="4.2cm" text:min-label-width="0.6cm"/><style:text-properties fo:font-family="StarSymbol" style:use-window-font-color="true" fo:font-size="45%"/></text:list-level-style-bullet><text:list-level-style-bullet text:level="9" text:bullet-char="●"><style:list-level-properties text:space-before="4.8cm" text:min-label-width="0.6cm"/><style:text-properties fo:font-family="StarSymbol" style:use-window-font-color="true" fo:font-size="45%"/></text:list-level-style-bullet><text:list-level-style-bullet text:level="10" text:bullet-char="●"><style:list-level-properties text:space-before="5.4cm" text:min-label-width="0.6cm"/><style:text-properties fo:font-family="StarSymbol" style:use-window-font-color="true" fo:font-size="45%"/></text:list-level-style-bullet></text:list-style><text:list-style style:name="L2"><text:list-level-style-bullet text:level="1" text:bullet-char=""><style:list-level-properties text:min-label-width="1cm" fo:text-align="center"/><style:text-properties fo:font-family="StarSymbol" style:font-charset="x-symbol" fo:color="#00b2a9" fo:font-size="150%"/></text:list-level-style-bullet><text:list-level-style-bullet text:level="2" text:bullet-char="♦"><style:list-level-properties text:space-before="1.5cm" text:min-label-width="0.6cm"/><style:text-properties fo:font-family="&apos;Lucida Sans&apos;" style:font-style-name="Demibold Oblique" style:font-family-generic="swiss" fo:color="#0066a2" fo:font-size="100%"/></text:list-level-style-bullet><text:list-level-style-bullet text:level="3" text:bullet-char="●"><style:list-level-properties text:space-before="1.2cm" text:min-label-width="0.6cm"/><style:text-properties fo:font-family="StarSymbol" style:use-window-font-color="true" fo:font-size="45%"/></text:list-level-style-bullet><text:list-level-style-bullet text:level="4" text:bullet-char="●"><style:list-level-properties text:space-before="1.8cm" text:min-label-width="0.6cm"/><style:text-properties fo:font-family="StarSymbol" style:use-window-font-color="true" fo:font-size="45%"/></text:list-level-style-bullet><text:list-level-style-bullet text:level="5" text:bullet-char="●"><style:list-level-properties text:space-before="2.4cm" text:min-label-width="0.6cm"/><style:text-properties fo:font-family="StarSymbol" style:use-window-font-color="true" fo:font-size="45%"/></text:list-level-style-bullet><text:list-level-style-bullet text:level="6" text:bullet-char="●"><style:list-level-properties text:space-before="3cm" text:min-label-width="0.6cm"/><style:text-properties fo:font-family="StarSymbol" style:use-window-font-color="true" fo:font-size="45%"/></text:list-level-style-bullet><text:list-level-style-bullet text:level="7" text:bullet-char="●"><style:list-level-properties text:space-before="3.6cm" text:min-label-width="0.6cm"/><style:text-properties fo:font-family="StarSymbol" style:use-window-font-color="true" fo:font-size="45%"/></text:list-level-style-bullet><text:list-level-style-bullet text:level="8" text:bullet-char="●"><style:list-level-properties text:space-before="4.2cm" text:min-label-width="0.6cm"/><style:text-properties fo:font-family="StarSymbol" style:use-window-font-color="true" fo:font-size="45%"/></text:list-level-style-bullet><text:list-level-style-bullet text:level="9" text:bullet-char="●"><style:list-level-properties text:space-before="4.8cm" text:min-label-width="0.6cm"/><style:text-properties fo:font-family="StarSymbol" style:use-window-font-color="true" fo:font-size="45%"/></text:list-level-style-bullet><text:list-level-style-bullet text:level="10" text:bullet-char="●"><style:list-level-properties text:space-before="5.4cm" text:min-label-width="0.6cm"/><style:text-properties fo:font-family="StarSymbol" style:use-window-font-color="true" fo:font-size="45%"/></text:list-level-style-bullet></text:list-style><text:list-style style:name="L3"><text:list-level-style-bullet text:level="1" text:bullet-char=""><style:list-level-properties text:min-label-width="1cm" fo:text-align="center"/><style:text-properties fo:font-family="StarSymbol" style:font-charset="x-symbol" fo:color="#00b2a9" fo:font-size="150%"/></text:list-level-style-bullet><text:list-level-style-bullet text:level="2" text:bullet-char="♦"><style:list-level-properties text:space-before="1.5cm" text:min-label-width="0.6cm"/><style:text-properties fo:font-family="&apos;Lucida Sans&apos;" style:font-style-name="Demibold Oblique" style:font-family-generic="swiss" fo:color="#00b2a9" fo:font-size="100%"/></text:list-level-style-bullet><text:list-level-style-bullet text:level="3" text:bullet-char="●"><style:list-level-properties text:space-before="1.2cm" text:min-label-width="0.6cm"/><style:text-properties fo:font-family="StarSymbol" style:use-window-font-color="true" fo:font-size="45%"/></text:list-level-style-bullet><text:list-level-style-bullet text:level="4" text:bullet-char="●"><style:list-level-properties text:space-before="1.8cm" text:min-label-width="0.6cm"/><style:text-properties fo:font-family="StarSymbol" style:use-window-font-color="true" fo:font-size="45%"/></text:list-level-style-bullet><text:list-level-style-bullet text:level="5" text:bullet-char="●"><style:list-level-properties text:space-before="2.4cm" text:min-label-width="0.6cm"/><style:text-properties fo:font-family="StarSymbol" style:use-window-font-color="true" fo:font-size="45%"/></text:list-level-style-bullet><text:list-level-style-bullet text:level="6" text:bullet-char="●"><style:list-level-properties text:space-before="3cm" text:min-label-width="0.6cm"/><style:text-properties fo:font-family="StarSymbol" style:use-window-font-color="true" fo:font-size="45%"/></text:list-level-style-bullet><text:list-level-style-bullet text:level="7" text:bullet-char="●"><style:list-level-properties text:space-before="3.6cm" text:min-label-width="0.6cm"/><style:text-properties fo:font-family="StarSymbol" style:use-window-font-color="true" fo:font-size="45%"/></text:list-level-style-bullet><text:list-level-style-bullet text:level="8" text:bullet-char="●"><style:list-level-properties text:space-before="4.2cm" text:min-label-width="0.6cm"/><style:text-properties fo:font-family="StarSymbol" style:use-window-font-color="true" fo:font-size="45%"/></text:list-level-style-bullet><text:list-level-style-bullet text:level="9" text:bullet-char="●"><style:list-level-properties text:space-before="4.8cm" text:min-label-width="0.6cm"/><style:text-properties fo:font-family="StarSymbol" style:use-window-font-color="true" fo:font-size="45%"/></text:list-level-style-bullet><text:list-level-style-bullet text:level="10" text:bullet-char="●"><style:list-level-properties text:space-before="5.4cm" text:min-label-width="0.6cm"/><style:text-properties fo:font-family="StarSymbol" style:use-window-font-color="true" fo:font-size="45%"/></text:list-level-style-bullet></text:list-style><text:list-style style:name="L4"><text:list-level-style-bullet text:level="1" text:bullet-char=""><style:list-level-properties text:min-label-width="1cm" fo:text-align="center"/><style:text-properties fo:font-family="StarSymbol" style:font-charset="x-symbol" fo:color="#0066a2" fo:font-size="150%"/></text:list-level-style-bullet><text:list-level-style-bullet text:level="2" text:bullet-char="♦"><style:list-level-properties text:space-before="1.5cm" text:min-label-width="0.6cm"/><style:text-properties fo:font-family="&apos;Lucida Sans&apos;" style:font-style-name="Demibold Oblique" style:font-family-generic="swiss" fo:color="#0066a2" fo:font-size="100%"/></text:list-level-style-bullet><text:list-level-style-bullet text:level="3" text:bullet-char="●"><style:list-level-properties text:space-before="1.2cm" text:min-label-width="0.6cm"/><style:text-properties fo:font-family="StarSymbol" style:use-window-font-color="true" fo:font-size="45%"/></text:list-level-style-bullet><text:list-level-style-bullet text:level="4" text:bullet-char="●"><style:list-level-properties text:space-before="1.8cm" text:min-label-width="0.6cm"/><style:text-properties fo:font-family="StarSymbol" style:use-window-font-color="true" fo:font-size="45%"/></text:list-level-style-bullet><text:list-level-style-bullet text:level="5" text:bullet-char="●"><style:list-level-properties text:space-before="2.4cm" text:min-label-width="0.6cm"/><style:text-properties fo:font-family="StarSymbol" style:use-window-font-color="true" fo:font-size="45%"/></text:list-level-style-bullet><text:list-level-style-bullet text:level="6" text:bullet-char="●"><style:list-level-properties text:space-before="3cm" text:min-label-width="0.6cm"/><style:text-properties fo:font-family="StarSymbol" style:use-window-font-color="true" fo:font-size="45%"/></text:list-level-style-bullet><text:list-level-style-bullet text:level="7" text:bullet-char="●"><style:list-level-properties text:space-before="3.6cm" text:min-label-width="0.6cm"/><style:text-properties fo:font-family="StarSymbol" style:use-window-font-color="true" fo:font-size="45%"/></text:list-level-style-bullet><text:list-level-style-bullet text:level="8" text:bullet-char="●"><style:list-level-properties text:space-before="4.2cm" text:min-label-width="0.6cm"/><style:text-properties fo:font-family="StarSymbol" style:use-window-font-color="true" fo:font-size="45%"/></text:list-level-style-bullet><text:list-level-style-bullet text:level="9" text:bullet-char="●"><style:list-level-properties text:space-before="4.8cm" text:min-label-width="0.6cm"/><style:text-properties fo:font-family="StarSymbol" style:use-window-font-color="true" fo:font-size="45%"/></text:list-level-style-bullet><text:list-level-style-bullet text:level="10" text:bullet-char="●"><style:list-level-properties text:space-before="5.4cm" text:min-label-width="0.6cm"/><style:text-properties fo:font-family="StarSymbol" style:use-window-font-color="true" fo:font-size="45%"/></text:list-level-style-bullet></text:list-style><text:list-style style:name="L5"><text:list-level-style-bullet text:level="1" text:bullet-char=""><style:list-level-properties text:min-label-width="1cm" fo:text-align="center"/><style:text-properties fo:font-family="StarSymbol" style:font-charset="x-symbol" fo:color="#a626aa" fo:font-size="150%"/></text:list-level-style-bullet><text:list-level-style-bullet text:level="2" text:bullet-char="♦"><style:list-level-properties text:space-before="1.5cm" text:min-label-width="0.6cm"/><style:text-properties fo:font-family="&apos;Lucida Sans&apos;" style:font-style-name="Demibold Oblique" style:font-family-generic="swiss" fo:color="#a626aa" fo:font-size="100%"/></text:list-level-style-bullet><text:list-level-style-bullet text:level="3" text:bullet-char="●"><style:list-level-properties text:space-before="1.2cm" text:min-label-width="0.6cm"/><style:text-properties fo:font-family="StarSymbol" fo:color="#a626aa" fo:font-size="45%"/></text:list-level-style-bullet><text:list-level-style-bullet text:level="4" text:bullet-char="●"><style:list-level-properties text:space-before="1.8cm" text:min-label-width="0.6cm"/><style:text-properties fo:font-family="StarSymbol" fo:color="#a626aa" fo:font-size="45%"/></text:list-level-style-bullet><text:list-level-style-bullet text:level="5" text:bullet-char="●"><style:list-level-properties text:space-before="2.4cm" text:min-label-width="0.6cm"/><style:text-properties fo:font-family="StarSymbol" fo:color="#a626aa" fo:font-size="45%"/></text:list-level-style-bullet><text:list-level-style-bullet text:level="6" text:bullet-char="●"><style:list-level-properties text:space-before="3cm" text:min-label-width="0.6cm"/><style:text-properties fo:font-family="StarSymbol" fo:color="#a626aa" fo:font-size="45%"/></text:list-level-style-bullet><text:list-level-style-bullet text:level="7" text:bullet-char="●"><style:list-level-properties text:space-before="3.6cm" text:min-label-width="0.6cm"/><style:text-properties fo:font-family="StarSymbol" fo:color="#a626aa" fo:font-size="45%"/></text:list-level-style-bullet><text:list-level-style-bullet text:level="8" text:bullet-char="●"><style:list-level-properties text:space-before="4.2cm" text:min-label-width="0.6cm"/><style:text-properties fo:font-family="StarSymbol" fo:color="#a626aa" fo:font-size="45%"/></text:list-level-style-bullet><text:list-level-style-bullet text:level="9" text:bullet-char="●"><style:list-level-properties text:space-before="4.8cm" text:min-label-width="0.6cm"/><style:text-properties fo:font-family="StarSymbol" fo:color="#a626aa" fo:font-size="45%"/></text:list-level-style-bullet><text:list-level-style-bullet text:level="10" text:bullet-char="●"><style:list-level-properties text:space-before="5.4cm" text:min-label-width="0.6cm"/><style:text-properties fo:font-family="StarSymbol" fo:color="#a626aa" fo:font-size="45%"/></text:list-level-style-bullet></text:list-style><text:list-style style:name="L6"><text:list-level-style-bullet text:level="1" text:bullet-char="►"><style:list-level-properties text:space-before="0.3cm" text:min-label-width="0.9cm"/><style:text-properties fo:font-family="&apos;Lucida Sans&apos;" style:font-style-name="Demibold Oblique" style:font-family-generic="swiss" fo:color="#0066a2" fo:font-size="75%"/></text:list-level-style-bullet><text:list-level-style-bullet text:level="2" text:bullet-char="•"><style:list-level-properties text:space-before="1.5cm" text:min-label-width="0.9cm"/><style:text-properties fo:font-family="&apos;Lucida Sans&apos;" style:font-style-name="Demibold Oblique" style:font-family-generic="swiss" fo:color="#0066a2" fo:font-size="75%"/></text:list-level-style-bullet><text:list-level-style-bullet text:level="3" text:bullet-char="»"><style:list-level-properties text:space-before="2.8cm" text:min-label-width="0.8cm"/><style:text-properties fo:font-family="&apos;Lucida Sans&apos;" style:font-style-name="Demibold Oblique" style:font-family-generic="swiss" fo:color="#0066a2" fo:font-size="75%"/></text:list-level-style-bullet><text:list-level-style-bullet text:level="4" text:bullet-char="▪"><style:list-level-properties text:space-before="4.2cm" text:min-label-width="0.6cm"/><style:text-properties fo:font-family="&apos;Lucida Sans&apos;" style:font-style-name="Demibold Oblique" style:font-family-generic="swiss" fo:color="#0066a2" fo:font-size="75%"/></text:list-level-style-bullet><text:list-level-style-bullet text:level="5" text:bullet-char="–"><style:list-level-properties text:space-before="5.4cm" text:min-label-width="0.6cm"/><style:text-properties fo:font-family="StarSymbol" fo:color="#0066a2" fo:font-size="75%"/></text:list-level-style-bullet><text:list-level-style-bullet text:level="6" text:bullet-char="●"><style:list-level-properties text:space-before="6.6cm" text:min-label-width="0.6cm"/><style:text-properties fo:font-family="StarSymbol" fo:color="#0066a2" fo:font-size="75%"/></text:list-level-style-bullet><text:list-level-style-bullet text:level="7" text:bullet-char="●"><style:list-level-properties text:space-before="7.8cm" text:min-label-width="0.6cm"/><style:text-properties fo:font-family="StarSymbol" fo:color="#0066a2" fo:font-size="75%"/></text:list-level-style-bullet><text:list-level-style-bullet text:level="8" text:bullet-char="●"><style:list-level-properties text:space-before="9cm" text:min-label-width="0.6cm"/><style:text-properties fo:font-family="StarSymbol" fo:color="#0066a2" fo:font-size="75%"/></text:list-level-style-bullet><text:list-level-style-bullet text:level="9" text:bullet-char="●"><style:list-level-properties text:space-before="10.2cm" text:min-label-width="0.6cm"/><style:text-properties fo:font-family="StarSymbol" fo:color="#0066a2" fo:font-size="75%"/></text:list-level-style-bullet><text:list-level-style-bullet text:level="10" text:bullet-char="●"><style:list-level-properties text:space-before="11.4cm" text:min-label-width="0.6cm"/><style:text-properties fo:font-family="StarSymbol" fo:color="#0066a2" fo:font-size="75%"/></text:list-level-style-bullet></text:list-style></office:automatic-styles><office:body><office:presentation><presentation:footer-decl presentation:name="ftr1">Serveur R</presentation:footer-decl><presentation:date-time-decl presentation:name="dtd1" presentation:source="current-date" style:data-style-name="D3"/><draw:page draw:name="page1" draw:style-name="dp1" draw:master-page-name="SLL_5f_MOD_5f_Pre_5f_Modele_5f_de_5f_presentation" presentation:presentation-page-layout-name="AL1T0" presentation:use-footer-name="ftr1" presentation:use-date-time-name="dtd1"><office:forms form:automatic-focus="false" form:apply-design-mode="false"/><draw:frame presentation:style-name="pr1" draw:layer="layout" svg:width="27.1cm" svg:height="1.4cm" svg:x="0.4cm" svg:y="10.7cm" presentation:class="title" presentation:user-transformed="true"><draw:text-box><text:p>Serveur R</text:p></draw:text-box></draw:frame><presentation:notes draw:style-name="dp2"><draw:page-thumbnail draw:style-name="gr1" draw:layer="layout" svg:width="14.848cm" svg:height="11.135cm" svg:x="3.075cm" svg:y="2.257cm" draw:page-number="1" presentation:class="page"/><draw:frame presentation:style-name="pr2" draw:layer="layout" svg:width="16.799cm" svg:height="13.364cm" svg:x="2.1cm" svg:y="14.107cm" presentation:class="notes" presentation:placeholder="true"><draw:text-box/></draw:frame></presentation:notes></draw:page><draw:page draw:name="Agenda" draw:style-name="dp1" draw:master-page-name="Sommaire" presentation:presentation-page-layout-name="AL2T1" presentation:use-footer-name="ftr1" presentation:use-date-time-name="dtd1"><office:forms form:automatic-focus="false" form:apply-design-mode="false"/><draw:frame presentation:style-name="pr3" draw:layer="layout" svg:width="20cm" svg:height="1.5cm" svg:x="1.4cm" svg:y="2.25cm" presentation:class="title" presentation:user-transformed="true"><draw:text-box><text:p text:style-name="P1">Sommaire</text:p></draw:text-box></draw:frame><draw:frame draw:style-name="Onglet" draw:text-style-name="P2" draw:layer="layout" svg:width="2.665cm" svg:height="0.742cm" draw:transform="rotate (1.5707963267949) translate (0.279cm 4.983cm)"><draw:text-box><text:p><text:span text:style-name="T1">Sommaire</text:span></text:p></draw:text-box></draw:frame><draw:line draw:style-name="gr2" draw:text-style-name="P3" draw:layer="layout" svg:x1="4.227cm" svg:y1="5.518cm" svg:x2="4.227cm" svg:y2="19.109cm"><text:p/></draw:line><draw:line draw:style-name="gr2" draw:text-style-name="P3" draw:layer="layout" svg:x1="15.727cm" svg:y1="5.518cm" svg:x2="15.727cm" svg:y2="19.109cm"><text:p/></draw:line><draw:frame draw:style-name="gr3" draw:text-style-name="P4" draw:layer="layout" svg:width="10cm" svg:height="4.5cm" svg:x="3.5cm" svg:y="5cm"><draw:text-box><text:list text:style-name="L2"><text:list-item><text:p><text:span text:style-name="T2">Présentation du domaine</text:span></text:p></text:list-item></text:list><text:list text:style-name="L3"><text:list-item><text:list><text:list-item><text:p><text:span text:style-name="T3"/></text:p></text:list-item></text:list></text:list-item></text:list></draw:text-box></draw:frame><draw:frame draw:style-name="gr4" draw:text-style-name="P4" draw:layer="layout" svg:width="10cm" svg:height="4.5cm" svg:x="3.5cm" svg:y="11.7cm"><draw:text-box><text:list text:style-name="L4"><text:list-item><text:p><text:span text:style-name="T4">Analyse des solutions</text:span></text:p><text:list><text:list-item><text:p><text:span text:style-name="T3"/></text:p></text:list-item></text:list></text:list-item></text:list></draw:text-box></draw:frame><draw:frame draw:style-name="gr5" draw:text-style-name="P4" draw:layer="layout" svg:width="12cm" svg:height="4.5cm" svg:x="15cm" svg:y="5cm"><draw:text-box><text:list text:style-name="L5"><text:list-item><text:p><text:span text:style-name="T5">Synthèse</text:span></text:p><text:list><text:list-item><text:p><text:span text:style-name="T3"/></text:p></text:list-item></text:list></text:list-item></text:list></draw:text-box></draw:frame><presentation:notes draw:style-name="dp2"><draw:page-thumbnail draw:style-name="gr1" draw:layer="layout" svg:width="14.848cm" svg:height="11.136cm" svg:x="3.075cm" svg:y="2.257cm" draw:page-number="2" presentation:class="page"/><draw:frame presentation:style-name="pr4" draw:layer="layout" svg:width="16.799cm" svg:height="13.365cm" svg:x="2.1cm" svg:y="14.107cm" presentation:class="notes" presentation:placeholder="true"><draw:text-box/></draw:frame></presentation:notes></draw:page><draw:page draw:name="Contexte" draw:style-name="dp1" draw:master-page-name="Green" presentation:presentation-page-layout-name="AL2T1" presentation:use-footer-name="ftr1" presentation:use-date-time-name="dtd1"><office:forms form:automatic-focus="false" form:apply-design-mode="false"/><draw:frame presentation:style-name="pr5" draw:layer="layout" svg:width="20cm" svg:height="1.5cm" svg:x="1.4cm" svg:y="2.25cm" presentation:class="title" presentation:user-transformed="true"><draw:text-box><text:p text:style-name="P1">Contexte</text:p></draw:text-box></draw:frame><draw:frame draw:style-name="Onglet" draw:text-style-name="P2" draw:layer="layout" svg:width="2.437cm" svg:height="0.742cm" draw:transform="rotate (1.5707963267949) translate (0.279cm 4.983cm)"><draw:text-box><text:p><text:span text:style-name="T1">Domaine</text:span></text:p></draw:text-box></draw:frame><draw:frame presentation:style-name="pr6" draw:layer="layout" svg:width="25cm" svg:height="15cm" svg:x="1.5cm" svg:y="5cm" presentation:class="outline" presentation:placeholder="true" presentation:user-transformed="true"><draw:text-box/></draw:frame><presentation:notes draw:style-name="dp2"><draw:page-thumbnail draw:style-name="gr1" draw:layer="layout" svg:width="0.001cm" svg:height="0.001cm" svg:x="0cm" svg:y="2.257cm" draw:page-number="3" presentation:class="page"/><draw:frame presentation:style-name="pr7" draw:layer="layout" svg:width="16.799cm" svg:height="13.365cm" svg:x="2.1cm" svg:y="14.107cm" presentation:class="notes" presentation:placeholder="true"><draw:text-box/></draw:frame></presentation:notes></draw:page><draw:page draw:name="rApache 1.1.14-Présentation" draw:style-name="dp1" draw:master-page-name="Blue" presentation:presentation-page-layout-name="AL2T1" presentation:use-footer-name="ftr1" presentation:use-date-time-name="dtd1"><office:forms form:automatic-focus="false" form:apply-design-mode="false"/><draw:frame presentation:style-name="pr8" draw:layer="layout" svg:width="20cm" svg:height="1.5cm" svg:x="1.4cm" svg:y="2.25cm" presentation:class="title" presentation:user-transformed="true"><draw:text-box><text:p text:style-name="P1">Présentation</text:p></draw:text-box></draw:frame><draw:frame draw:style-name="Onglet" draw:text-style-name="P2" draw:layer="layout" svg:width="2.297cm" svg:height="0.742cm" draw:transform="rotate (1.5707963267949) translate (0.279cm 4.983cm)"><draw:text-box><text:p><text:span text:style-name="T1">Solution</text:span></text:p></draw:text-box></draw:frame><draw:frame presentation:style-name="pr9" draw:layer="layout" svg:width="25cm" svg:height="15cm" svg:x="1.5cm" svg:y="5cm" presentation:class="outline" presentation:placeholder="true" presentation:user-transformed="true"><draw:text-box/></draw:frame><presentation:notes draw:style-name="dp2"><draw:page-thumbnail draw:style-name="gr1" draw:layer="layout" svg:width="0.001cm" svg:height="0.001cm" svg:x="0cm" svg:y="2.257cm" draw:page-number="4" presentation:class="page"/><draw:frame presentation:style-name="pr10" draw:layer="layout" svg:width="16.799cm" svg:height="13.365cm" svg:x="2.1cm" svg:y="14.107cm" presentation:class="notes" presentation:placeholder="true"><draw:text-box/></draw:frame></presentation:notes></draw:page><draw:page draw:name="Synthèse-generic" draw:style-name="dp1" draw:master-page-name="Purple" presentation:presentation-page-layout-name="AL2T1" presentation:use-footer-name="ftr1" presentation:use-date-time-name="dtd1"><office:forms form:automatic-focus="false" form:apply-design-mode="false"/><draw:frame presentation:style-name="pr11" draw:layer="layout" svg:width="20cm" svg:height="1.5cm" svg:x="1.4cm" svg:y="2.25cm" presentation:class="title" presentation:user-transformed="true"><draw:text-box><text:p text:style-name="P1">Synthèse</text:p></draw:text-box></draw:frame><draw:frame draw:style-name="Onglet" draw:text-style-name="P2" draw:layer="layout" svg:width="2.462cm" svg:height="0.742cm" draw:transform="rotate (1.5707963267949) translate (0.279cm 4.983cm)"><draw:text-box><text:p><text:span text:style-name="T1">Synthèse</text:span></text:p></draw:text-box></draw:frame><draw:frame presentation:style-name="pr12" draw:layer="layout" svg:width="25cm" svg:height="7cm" svg:x="1.5cm" svg:y="13cm" presentation:class="outline" presentation:user-transformed="true"><draw:text-box><text:list text:style-name="L6"><text:list-item><text:p>Compléter avec l&apos;analyse comparative des solutions</text:p></text:list-item></text:list></draw:text-box></draw:frame><presentation:notes draw:style-name="dp2"><draw:page-thumbnail draw:style-name="gr1" draw:layer="layout" svg:width="0.001cm" svg:height="0.001cm" svg:x="0cm" svg:y="2.257cm" draw:page-number="5" presentation:class="page"/><draw:frame presentation:style-name="pr13" draw:layer="layout" svg:width="16.799cm" svg:height="13.365cm" svg:x="2.1cm" svg:y="14.107cm" presentation:class="notes" presentation:placeholder="true"><draw:text-box/></draw:frame></presentation:notes></draw:page><draw:page draw:name="Fin" draw:style-name="dp1" draw:master-page-name="Sommaire" presentation:presentation-page-layout-name="AL2T1" presentation:use-footer-name="ftr1" presentation:use-date-time-name="dtd1"><office:forms form:automatic-focus="false" form:apply-design-mode="false"/><draw:frame presentation:style-name="pr3" draw:layer="layout" svg:width="20cm" svg:height="1.5cm" svg:x="1.4cm" svg:y="2.25cm" presentation:class="title" presentation:user-transformed="true"><draw:text-box><text:p text:style-name="P1">Questions / Réponses</text:p></draw:text-box></draw:frame><presentation:notes draw:style-name="dp2"><draw:page-thumbnail draw:style-name="gr1" draw:layer="layout" svg:width="0.001cm" svg:height="0.001cm" svg:x="0cm" svg:y="2.257cm" draw:page-number="6" presentation:class="page"/><draw:frame presentation:style-name="pr4" draw:layer="layout" svg:width="16.799cm" svg:height="13.365cm" svg:x="2.1cm" svg:y="14.107cm" presentation:class="notes" presentation:placeholder="true"><draw:text-box/></draw:frame></presentation:notes></draw:page><draw:page draw:name="page7" draw:style-name="dp1" draw:master-page-name="Licence" presentation:presentation-page-layout-name="AL2T1" presentation:use-footer-name="ftr1" presentation:use-date-time-name="dtd1"><office:forms form:automatic-focus="false" form:apply-design-mode="false"/><draw:frame presentation:style-name="pr14" draw:layer="layout" svg:width="20cm" svg:height="1.5cm" svg:x="1.4cm" svg:y="2.25cm" presentation:class="title" presentation:user-transformed="true"><draw:text-box><text:p text:style-name="P1">Questions / Réponses</text:p></draw:text-box></draw:frame><presentation:notes draw:style-name="dp2"><draw:page-thumbnail draw:style-name="gr1" draw:layer="layout" svg:width="0.001cm" svg:height="0.001cm" svg:x="0cm" svg:y="2.257cm" draw:page-number="7" presentation:class="page"/><draw:frame presentation:style-name="pr15" draw:text-style-name="P5" draw:layer="layout" svg:width="16.799cm" svg:height="13.365cm" svg:x="2.1cm" svg:y="14.107cm" presentation:class="notes" presentation:placeholder="true"><draw:text-box/></draw:frame></presentation:notes></draw:page><presentation:settings presentation:mouse-visible="false"/></office:presentation></office:body></office:document-content>