<?xml version="1.0" encoding="UTF-8"?>
<office:document-meta xmlns:office="urn:oasis:names:tc:opendocument:xmlns:office:1.0" xmlns:xlink="http://www.w3.org/1999/xlink" xmlns:dc="http://purl.org/dc/elements/1.1/" xmlns:meta="urn:oasis:names:tc:opendocument:xmlns:meta:1.0" xmlns:presentation="urn:oasis:names:tc:opendocument:xmlns:presentation:1.0" xmlns:ooo="http://openoffice.org/2004/office" xmlns:smil="urn:oasis:names:tc:opendocument:xmlns:smil-compatible:1.0" xmlns:anim="urn:oasis:names:tc:opendocument:xmlns:animation:1.0" xmlns:grddl="http://www.w3.org/2003/g/data-view#" xmlns:officeooo="http://openoffice.org/2009/office" xmlns:drawooo="http://openoffice.org/2010/draw" xmlns:text="urn:oasis:names:tc:opendocument:xmlns:text:1.0" office:version="1.2"><office:meta><meta:creation-date>2011-09-07T17:08:31</meta:creation-date><meta:editing-duration>P1DT11H34M54S</meta:editing-duration><meta:editing-cycles>107</meta:editing-cycles><meta:generator>LibreOffice/3.5$Linux_x86 LibreOffice_project/350m1$Build-2</meta:generator><meta:initial-creator>jheyman </meta:initial-creator><dc:date>2012-12-26T11:40:08</dc:date><dc:creator>Raphaël Semeteys</dc:creator><meta:document-statistic meta:object-count="211"/></office:meta></office:document-meta>