<?xml version="1.0" encoding="UTF-8"?>
<office:document-meta xmlns:office="urn:oasis:names:tc:opendocument:xmlns:office:1.0" xmlns:xlink="http://www.w3.org/1999/xlink" xmlns:dc="http://purl.org/dc/elements/1.1/" xmlns:meta="urn:oasis:names:tc:opendocument:xmlns:meta:1.0" xmlns:ooo="http://openoffice.org/2004/office" xmlns:grddl="http://www.w3.org/2003/g/data-view#" office:version="1.2"><office:meta><meta:generator>LibreOffice/3.5$Linux_x86 LibreOffice_project/350m1$Build-2</meta:generator><dc:title>OLAP</dc:title><dc:subject>Veille technique</dc:subject><meta:creation-date>2011-08-11T09:48:40</meta:creation-date><meta:editing-cycles>204</meta:editing-cycles><meta:editing-duration>P4DT17H24M36S</meta:editing-duration><meta:initial-creator>Raphaël Semeteys</meta:initial-creator><dc:date>2012-12-24T07:31:20</dc:date><dc:creator>Raphaël Semeteys</dc:creator><meta:document-statistic meta:table-count="6" meta:image-count="7" meta:object-count="0" meta:page-count="6" meta:paragraph-count="68" meta:word-count="611" meta:character-count="3947" meta:non-whitespace-character-count="3488"/><meta:user-defined meta:name="Client 1">http://www.qsos.org</meta:user-defined><meta:user-defined meta:name="Client 2"/><meta:user-defined meta:name="Date">28-10-2011</meta:user-defined><meta:user-defined meta:name="Projet">QSOS</meta:user-defined><meta:user-defined meta:name="Version Majeure" meta:value-type="string">1</meta:user-defined><meta:user-defined meta:name="Version Mineure" meta:value-type="string">0</meta:user-defined></office:meta></office:document-meta>