<?xml version="1.0" encoding="UTF-8"?>
<office:document-styles xmlns:office="urn:oasis:names:tc:opendocument:xmlns:office:1.0" xmlns:style="urn:oasis:names:tc:opendocument:xmlns:style:1.0" xmlns:text="urn:oasis:names:tc:opendocument:xmlns:text:1.0" xmlns:table="urn:oasis:names:tc:opendocument:xmlns:table:1.0" xmlns:draw="urn:oasis:names:tc:opendocument:xmlns:drawing:1.0" xmlns:fo="urn:oasis:names:tc:opendocument:xmlns:xsl-fo-compatible:1.0" xmlns:xlink="http://www.w3.org/1999/xlink" xmlns:dc="http://purl.org/dc/elements/1.1/" xmlns:meta="urn:oasis:names:tc:opendocument:xmlns:meta:1.0" xmlns:number="urn:oasis:names:tc:opendocument:xmlns:datastyle:1.0" xmlns:svg="urn:oasis:names:tc:opendocument:xmlns:svg-compatible:1.0" xmlns:chart="urn:oasis:names:tc:opendocument:xmlns:chart:1.0" xmlns:dr3d="urn:oasis:names:tc:opendocument:xmlns:dr3d:1.0" xmlns:math="http://www.w3.org/1998/Math/MathML" xmlns:form="urn:oasis:names:tc:opendocument:xmlns:form:1.0" xmlns:script="urn:oasis:names:tc:opendocument:xmlns:script:1.0" xmlns:ooo="http://openoffice.org/2004/office" xmlns:ooow="http://openoffice.org/2004/writer" xmlns:oooc="http://openoffice.org/2004/calc" xmlns:dom="http://www.w3.org/2001/xml-events" xmlns:rpt="http://openoffice.org/2005/report" xmlns:of="urn:oasis:names:tc:opendocument:xmlns:of:1.2" xmlns:xhtml="http://www.w3.org/1999/xhtml" xmlns:grddl="http://www.w3.org/2003/g/data-view#" xmlns:tableooo="http://openoffice.org/2009/table" xmlns:css3t="http://www.w3.org/TR/css3-text/"><office:font-face-decls><style:font-face style:name="OpenSymbol" svg:font-family="OpenSymbol" style:font-adornments="Regular" style:font-charset="x-symbol"/><style:font-face style:name="Wingdings" svg:font-family="Wingdings" style:font-pitch="variable" style:font-charset="x-symbol"/><style:font-face style:name="Wingdings1" svg:font-family="Wingdings" style:font-adornments="Regular" style:font-pitch="variable" style:font-charset="x-symbol"/><style:font-face style:name="Symbol" svg:font-family="Symbol" style:font-family-generic="roman" style:font-pitch="variable" style:font-charset="x-symbol"/><style:font-face style:name="Arial" svg:font-family="Arial"/><style:font-face style:name="Cantarell" svg:font-family="Cantarell" style:font-adornments="Regular"/><style:font-face style:name="StarSymbol" svg:font-family="StarSymbol"/><style:font-face style:name="Lucida Sans4" svg:font-family="&apos;Lucida Sans&apos;" style:font-family-generic="swiss"/><style:font-face style:name="Lucida Sans2" svg:font-family="&apos;Lucida Sans&apos;" style:font-adornments="Normal" style:font-family-generic="swiss"/><style:font-face style:name="Courier New" svg:font-family="&apos;Courier New&apos;" style:font-adornments="Normal" style:font-family-generic="modern" style:font-pitch="fixed"/><style:font-face style:name="DejaVu Sans Mono" svg:font-family="&apos;DejaVu Sans Mono&apos;" style:font-family-generic="modern" style:font-pitch="fixed"/><style:font-face style:name="Arial2" svg:font-family="Arial" style:font-pitch="variable"/><style:font-face style:name="Arial Unicode MS" svg:font-family="&apos;Arial Unicode MS&apos;" style:font-pitch="variable"/><style:font-face style:name="DejaVu Sans1" svg:font-family="&apos;DejaVu Sans&apos;" style:font-pitch="variable"/><style:font-face style:name="Tahoma" svg:font-family="Tahoma" style:font-pitch="variable"/><style:font-face style:name="Times New Roman" svg:font-family="&apos;Times New Roman&apos;" style:font-family-generic="roman" style:font-pitch="variable"/><style:font-face style:name="Arial1" svg:font-family="Arial" style:font-family-generic="swiss" style:font-pitch="variable"/><style:font-face style:name="Lucida Sans3" svg:font-family="&apos;Lucida Sans&apos;" style:font-family-generic="swiss" style:font-pitch="variable"/><style:font-face style:name="Lucida Sans1" svg:font-family="&apos;Lucida Sans&apos;" style:font-adornments="Demibold" style:font-family-generic="swiss" style:font-pitch="variable"/><style:font-face style:name="Lucida Sans" svg:font-family="&apos;Lucida Sans&apos;" style:font-adornments="Normal" style:font-family-generic="swiss" style:font-pitch="variable"/><style:font-face style:name="DejaVu Sans" svg:font-family="&apos;DejaVu Sans&apos;" style:font-family-generic="system" style:font-pitch="variable"/></office:font-face-decls><office:styles><draw:gradient draw:name="Atos_20_Blue" draw:display-name="Atos Blue" draw:style="linear" draw:start-color="#0066a2" draw:end-color="#829dc7" draw:start-intensity="100%" draw:end-intensity="100%" draw:angle="450" draw:border="0%"/><draw:gradient draw:name="Gradient_20_1" draw:display-name="Gradient 1" draw:style="linear" draw:start-color="#000000" draw:end-color="#ffffff" draw:start-intensity="100%" draw:end-intensity="100%" draw:angle="0" draw:border="0%"/><draw:gradient draw:name="Linear_20_blue_2f_white" draw:display-name="Linear blue/white" draw:style="linear" draw:start-color="#000080" draw:end-color="#ffffff" draw:start-intensity="100%" draw:end-intensity="100%" draw:angle="450" draw:border="0%"/><draw:hatch draw:name="Black_20_0_20_Degrees" draw:display-name="Black 0 Degrees" draw:style="single" draw:color="#000000" draw:distance="0.102cm" draw:rotation="0"/><draw:fill-image draw:name="Empty" xlink:href="Pictures/100000000000000800000008DD0ADA29.png" xlink:type="simple" xlink:show="embed" xlink:actuate="onLoad"/><draw:stroke-dash draw:name="Ultrafine_20_Dashed" draw:display-name="Ultrafine Dashed" draw:style="rect" draw:dots1="1" draw:dots1-length="0.051cm" draw:dots2="1" draw:dots2-length="0.051cm" draw:distance="0cm"/><style:default-style style:family="graphic"><style:graphic-properties fo:wrap-option="no-wrap" draw:shadow-offset-x="0.3cm" draw:shadow-offset-y="0.3cm" draw:start-line-spacing-horizontal="0.283cm" draw:start-line-spacing-vertical="0.283cm" draw:end-line-spacing-horizontal="0.283cm" draw:end-line-spacing-vertical="0.283cm" style:flow-with-text="false"/><style:paragraph-properties style:text-autospace="ideograph-alpha" style:line-break="strict" style:writing-mode="lr-tb" style:font-independent-line-spacing="false"><style:tab-stops/></style:paragraph-properties><style:text-properties style:use-window-font-color="true" fo:font-size="12pt" fo:language="fr" fo:country="FR" style:letter-kerning="true" style:font-size-asian="12pt" style:language-asian="zxx" style:country-asian="none" style:font-size-complex="12pt" style:language-complex="zxx" style:country-complex="none"/></style:default-style><style:default-style style:family="paragraph"><style:paragraph-properties fo:hyphenation-ladder-count="no-limit" style:text-autospace="ideograph-alpha" style:punctuation-wrap="hanging" style:line-break="strict" style:tab-stop-distance="1.251cm" style:writing-mode="page"/><style:text-properties style:use-window-font-color="true" style:font-name="Arial" fo:font-size="12pt" fo:language="fr" fo:country="FR" style:letter-kerning="true" style:font-name-asian="DejaVu Sans" style:font-size-asian="12pt" style:language-asian="zxx" style:country-asian="none" style:font-name-complex="DejaVu Sans" style:font-size-complex="12pt" style:language-complex="zxx" style:country-complex="none" fo:hyphenate="false" fo:hyphenation-remain-char-count="2" fo:hyphenation-push-char-count="2"/></style:default-style><style:default-style style:family="table"><style:table-properties table:border-model="collapsing"/></style:default-style><style:default-style style:family="table-row"><style:table-row-properties fo:keep-together="auto"/></style:default-style><style:style style:name="Standard" style:family="paragraph" style:class="text" style:master-page-name=""><style:paragraph-properties fo:line-height="100%" style:register-true="true" style:page-number="auto" fo:background-color="transparent" style:shadow="none"><style:tab-stops/><style:background-image/></style:paragraph-properties><style:text-properties style:font-size-asian="10.5pt"/></style:style><style:style style:name="Heading" style:family="paragraph" style:parent-style-name="Standard" style:next-style-name="Heading_20_1" style:auto-update="true" style:class="text" style:master-page-name=""><style:paragraph-properties fo:margin-top="0.423cm" fo:margin-bottom="0.212cm" style:page-number="auto" fo:keep-with-next="always"/><style:text-properties fo:color="#0066a2" style:font-name="Arial1" fo:font-size="14pt" style:font-name-asian="DejaVu Sans" style:font-size-asian="14pt" style:font-name-complex="DejaVu Sans" style:font-size-complex="14pt"/></style:style><style:style style:name="Text_20_body" style:display-name="Text body" style:family="paragraph" style:parent-style-name="Standard" style:class="text" style:master-page-name=""><style:paragraph-properties fo:margin="100%" fo:margin-left="0cm" fo:margin-right="0cm" fo:margin-top="0.3cm" fo:margin-bottom="0.15cm" fo:text-align="justify" style:justify-single-word="false" fo:text-indent="0cm" style:auto-text-indent="false" style:page-number="auto" fo:background-color="transparent"><style:tab-stops/><style:background-image/></style:paragraph-properties><style:text-properties style:font-name="Lucida Sans" fo:font-size="10pt" style:font-size-asian="10.5pt"/></style:style><style:style style:name="List" style:family="paragraph" style:parent-style-name="Text_20_body" style:class="list"><style:text-properties style:font-size-asian="12pt"/></style:style><style:style style:name="Caption" style:family="paragraph" style:parent-style-name="Standard" style:class="extra"><style:paragraph-properties fo:margin-top="0.212cm" fo:margin-bottom="0.212cm" text:number-lines="false" text:line-number="0"/><style:text-properties fo:font-size="12pt" fo:font-style="italic" style:font-size-asian="12pt" style:font-style-asian="italic" style:font-size-complex="12pt" style:font-style-complex="italic"/></style:style><style:style style:name="Index" style:family="paragraph" style:parent-style-name="Standard" style:class="index"><style:paragraph-properties text:number-lines="false" text:line-number="0"/><style:text-properties style:font-size-asian="12pt"/></style:style><style:style style:name="Table_20_Contents" style:display-name="Table Contents" style:family="paragraph" style:parent-style-name="Standard" style:class="extra"><style:paragraph-properties fo:margin="100%" fo:margin-left="0cm" fo:margin-right="0cm" fo:margin-top="0cm" fo:margin-bottom="0cm" style:register-true="true" fo:text-indent="0cm" style:auto-text-indent="false" text:number-lines="false" text:line-number="0"/><style:text-properties fo:font-size="9.5pt" style:font-size-asian="10.5pt"/></style:style><style:style style:name="Footer" style:family="paragraph" style:parent-style-name="Standard" style:class="extra"><style:paragraph-properties text:number-lines="false" text:line-number="0"><style:tab-stops><style:tab-stop style:position="8.5cm" style:type="center"/><style:tab-stop style:position="17cm" style:type="right"/></style:tab-stops></style:paragraph-properties></style:style><style:style style:name="Table_20_Heading" style:display-name="Table Heading" style:family="paragraph" style:parent-style-name="Table_20_Contents" style:class="extra"><style:paragraph-properties fo:text-align="center" style:justify-single-word="false" text:number-lines="false" text:line-number="0"/><style:text-properties fo:color="#ffffff" style:font-name="Lucida Sans1" fo:font-size="8pt" fo:font-weight="bold" style:font-size-asian="10.5pt" style:font-weight-asian="bold" style:font-weight-complex="bold"/></style:style><style:style style:name="Header" style:family="paragraph" style:parent-style-name="Standard" style:class="extra" style:master-page-name=""><style:paragraph-properties fo:margin-top="0cm" fo:margin-bottom="0cm" fo:line-height="150%" fo:text-align="center" style:justify-single-word="false" style:page-number="auto" text:number-lines="false" text:line-number="0"><style:tab-stops><style:tab-stop style:position="8.5cm" style:type="center"/><style:tab-stop style:position="17cm" style:type="right"/></style:tab-stops></style:paragraph-properties><style:text-properties style:font-name="Lucida Sans" fo:font-weight="bold" style:font-size-asian="10.5pt"/></style:style><style:style style:name="Frame_20_contents" style:display-name="Frame contents" style:family="paragraph" style:parent-style-name="Text_20_body" style:class="extra"><style:paragraph-properties fo:margin="100%" fo:margin-left="0cm" fo:margin-right="0cm" fo:margin-top="0cm" fo:margin-bottom="0cm" fo:text-indent="0cm" style:auto-text-indent="false"/></style:style><style:style style:name="Text_20_body_20_indent" style:display-name="Text body indent" style:family="paragraph" style:parent-style-name="Text_20_body" style:class="text"><style:paragraph-properties fo:margin="100%" fo:margin-left="0.499cm" fo:margin-right="0cm" fo:margin-top="0cm" fo:margin-bottom="0cm" style:register-true="true" fo:text-indent="0cm" style:auto-text-indent="false"/></style:style><style:style style:name="Bibliography_20_Heading" style:display-name="Bibliography Heading" style:family="paragraph" style:parent-style-name="Heading" style:class="index"><style:paragraph-properties fo:margin="100%" fo:margin-left="0cm" fo:margin-right="0cm" fo:margin-top="0cm" fo:margin-bottom="0cm" fo:text-indent="0cm" style:auto-text-indent="false" text:number-lines="false" text:line-number="0"/><style:text-properties fo:font-size="16pt" fo:font-weight="bold" style:font-size-asian="16pt" style:font-weight-asian="bold" style:font-size-complex="16pt" style:font-weight-complex="bold"/></style:style><style:style style:name="Contents_20_Heading" style:display-name="Contents Heading" style:family="paragraph" style:parent-style-name="Heading" style:class="index"><style:paragraph-properties fo:margin="100%" fo:margin-left="0cm" fo:margin-right="0cm" fo:margin-top="0cm" fo:margin-bottom="0cm" fo:text-indent="0cm" style:auto-text-indent="false" text:number-lines="false" text:line-number="0"/><style:text-properties fo:font-size="16pt" fo:font-weight="bold" style:font-size-asian="16pt" style:font-weight-asian="bold" style:font-size-complex="16pt" style:font-weight-complex="bold"/></style:style><style:style style:name="Heading_20_1" style:display-name="Heading 1" style:family="paragraph" style:parent-style-name="Heading" style:next-style-name="Heading_20_2" style:auto-update="true" style:default-outline-level="1" style:class="text" style:master-page-name=""><style:paragraph-properties style:page-number="auto" fo:break-before="page" fo:background-color="transparent" style:shadow="none"><style:tab-stops/><style:background-image/></style:paragraph-properties><style:text-properties fo:color="#0066a2" style:font-name="Lucida Sans" fo:font-size="16pt" fo:font-weight="normal" style:font-size-asian="115%" style:font-weight-asian="bold" style:font-size-complex="115%" style:font-weight-complex="bold"/></style:style><style:style style:name="Heading_20_2" style:display-name="Heading 2" style:family="paragraph" style:parent-style-name="Heading" style:next-style-name="Text_20_body" style:auto-update="true" style:default-outline-level="2" style:class="text" style:master-page-name=""><style:paragraph-properties style:page-number="auto" fo:background-color="transparent"><style:tab-stops/><style:background-image/></style:paragraph-properties><style:text-properties fo:font-variant="small-caps" fo:color="#0066a2" style:font-name="Lucida Sans" fo:font-size="14pt" fo:font-style="normal" fo:font-weight="normal" style:font-size-asian="14pt" style:font-style-asian="italic" style:font-weight-asian="normal" style:font-size-complex="14pt" style:font-style-complex="italic" style:font-weight-complex="normal"/></style:style><style:style style:name="Heading_20_3" style:display-name="Heading 3" style:family="paragraph" style:parent-style-name="Heading" style:next-style-name="Text_20_body" style:default-outline-level="3" style:class="text"><style:text-properties fo:color="#0066a2" style:font-name="Lucida Sans" fo:font-size="13pt" fo:font-style="normal" fo:font-weight="normal" style:font-size-asian="14pt" style:font-weight-asian="bold" style:font-size-complex="14pt" style:font-weight-complex="bold"/></style:style><style:style style:name="Heading_20_4" style:display-name="Heading 4" style:family="paragraph" style:parent-style-name="Heading" style:next-style-name="Text_20_body" style:auto-update="true" style:default-outline-level="4" style:class="text"><style:text-properties fo:color="#0066a2" style:font-name="Lucida Sans" fo:font-size="11pt" fo:font-style="normal" fo:font-weight="normal" style:font-size-asian="85%" style:font-style-asian="italic" style:font-weight-asian="normal" style:font-size-complex="85%" style:font-style-complex="italic" style:font-weight-complex="normal"/></style:style><style:style style:name="Contents_20_1" style:display-name="Contents 1" style:family="paragraph" style:parent-style-name="Index" style:auto-update="true" style:class="index"><style:paragraph-properties fo:margin="100%" fo:margin-left="0cm" fo:margin-right="0cm" fo:margin-top="0cm" fo:margin-bottom="0cm" fo:text-indent="0cm" style:auto-text-indent="false" style:shadow="none"><style:tab-stops><style:tab-stop style:position="17cm" style:type="right" style:leader-style="dotted" style:leader-text="."/></style:tab-stops></style:paragraph-properties><style:text-properties style:font-name="Lucida Sans2" fo:font-size="11pt" fo:font-weight="normal"/></style:style><style:style style:name="Contents_20_2" style:display-name="Contents 2" style:family="paragraph" style:parent-style-name="Index" style:class="index"><style:paragraph-properties fo:margin="100%" fo:margin-left="0.499cm" fo:margin-right="0cm" fo:margin-top="0cm" fo:margin-bottom="0cm" fo:text-indent="0cm" style:auto-text-indent="false"><style:tab-stops><style:tab-stop style:position="16.501cm" style:type="right" style:leader-style="dotted" style:leader-text="."/></style:tab-stops></style:paragraph-properties><style:text-properties style:font-name="Lucida Sans2" fo:font-size="9pt" fo:font-style="normal" fo:font-weight="normal"/></style:style><style:style style:name="Contents_20_3" style:display-name="Contents 3" style:family="paragraph" style:parent-style-name="Index" style:class="index"><style:paragraph-properties fo:margin="100%" fo:margin-left="0.998cm" fo:margin-right="0cm" fo:margin-top="0cm" fo:margin-bottom="0cm" fo:text-indent="0cm" style:auto-text-indent="false"><style:tab-stops><style:tab-stop style:position="16.002cm" style:type="right" style:leader-style="dotted" style:leader-text="."/></style:tab-stops></style:paragraph-properties><style:text-properties style:font-name="Lucida Sans2" fo:font-size="8pt"/></style:style><style:style style:name="Heading_20_9" style:display-name="Heading 9" style:family="paragraph" style:parent-style-name="Heading" style:next-style-name="Text_20_body" style:default-outline-level="9" style:class="text"><style:text-properties fo:font-size="75%" fo:font-weight="bold" style:font-size-asian="75%" style:font-weight-asian="bold" style:font-size-complex="75%" style:font-weight-complex="bold"/></style:style><style:style style:name="Liste_20_Hiérarchique" style:display-name="Liste Hiérarchique" style:family="paragraph" style:parent-style-name="List" style:auto-update="true" style:list-style-name="List_20_1" style:master-page-name=""><style:paragraph-properties fo:margin="100%" fo:margin-left="0cm" fo:margin-right="0cm" fo:margin-top="0cm" fo:margin-bottom="0.101cm" fo:line-height="100%" fo:text-indent="0cm" style:auto-text-indent="false" style:page-number="auto"/></style:style><style:style style:name="List_20_1" style:display-name="List 1" style:family="paragraph" style:parent-style-name="List" style:auto-update="true" style:class="list" style:master-page-name=""><style:paragraph-properties fo:margin="100%" fo:margin-left="0.635cm" fo:margin-right="0cm" fo:margin-top="0cm" fo:margin-bottom="0.212cm" fo:text-indent="-0.635cm" style:auto-text-indent="false" style:page-number="auto"/><style:text-properties fo:color="#c5000b" fo:font-size="10.5pt"/></style:style><style:style style:name="List_20_3" style:display-name="List 3" style:family="paragraph" style:parent-style-name="List" style:class="list"><style:paragraph-properties fo:margin="100%" fo:margin-left="1.905cm" fo:margin-right="0cm" fo:margin-top="0cm" fo:margin-bottom="0.212cm" fo:text-indent="-0.635cm" style:auto-text-indent="false"/></style:style><style:style style:name="Figure" style:family="paragraph" style:parent-style-name="Caption" style:next-style-name="Text_20_body" style:auto-update="true" style:master-page-name=""><style:paragraph-properties fo:margin-top="0.3cm" fo:margin-bottom="0.3cm" fo:text-align="center" style:justify-single-word="false" style:page-number="auto"/><style:text-properties fo:font-size="8pt" style:font-weight-asian="normal" style:font-weight-complex="normal"/></style:style><style:style style:name="Illustration_20_Index_20_1" style:display-name="Illustration Index 1" style:family="paragraph" style:parent-style-name="Index" style:class="index"><style:paragraph-properties fo:margin="100%" fo:margin-left="0cm" fo:margin-right="0cm" fo:margin-top="0cm" fo:margin-bottom="0cm" fo:text-indent="0cm" style:auto-text-indent="false"><style:tab-stops><style:tab-stop style:position="16.501cm" style:type="right" style:leader-style="dotted" style:leader-text="."/></style:tab-stops></style:paragraph-properties><style:text-properties style:font-name="Lucida Sans2" fo:font-size="10.5pt"/></style:style><style:style style:name="Heading_20_10" style:display-name="Heading 10" style:family="paragraph" style:parent-style-name="Heading" style:next-style-name="Text_20_body" style:default-outline-level="10" style:class="text"><style:text-properties fo:font-size="75%" fo:font-weight="bold" style:font-size-asian="75%" style:font-weight-asian="bold" style:font-size-complex="75%" style:font-weight-complex="bold"/></style:style><style:style style:name="Contents_20_4" style:display-name="Contents 4" style:family="paragraph" style:parent-style-name="Index" style:class="index"><style:paragraph-properties fo:margin="100%" fo:margin-left="1.498cm" fo:margin-right="0cm" fo:margin-top="0cm" fo:margin-bottom="0cm" fo:text-indent="0cm" style:auto-text-indent="false"><style:tab-stops><style:tab-stop style:position="15.004cm" style:type="right" style:leader-style="dotted" style:leader-text="."/></style:tab-stops></style:paragraph-properties></style:style><style:style style:name="Contents_20_10" style:display-name="Contents 10" style:family="paragraph" style:parent-style-name="Index" style:class="index"><style:paragraph-properties fo:margin="100%" fo:margin-left="4.493cm" fo:margin-right="0cm" fo:margin-top="0cm" fo:margin-bottom="0cm" fo:text-indent="0cm" style:auto-text-indent="false"><style:tab-stops><style:tab-stop style:position="12.009cm" style:type="right" style:leader-style="dotted" style:leader-text="."/></style:tab-stops></style:paragraph-properties></style:style><style:style style:name="Title" style:family="paragraph" style:parent-style-name="Heading" style:next-style-name="Subtitle" style:class="chapter"><style:paragraph-properties fo:margin="100%" fo:margin-left="0cm" fo:margin-right="0cm" fo:margin-top="0cm" fo:margin-bottom="0cm" fo:text-align="start" style:justify-single-word="false" fo:text-indent="0cm" style:auto-text-indent="false"/><style:text-properties fo:color="#0066a2" style:font-name="Lucida Sans1" fo:font-size="16pt" fo:font-weight="bold" style:font-size-asian="16pt" style:font-weight-asian="bold" style:font-size-complex="16pt" style:font-weight-complex="bold"/></style:style><style:style style:name="Subtitle" style:family="paragraph" style:parent-style-name="Heading" style:next-style-name="Text_20_body" style:class="chapter"><style:paragraph-properties fo:text-align="center" style:justify-single-word="false"/><style:text-properties style:font-name="Lucida Sans" fo:font-size="16pt" fo:font-style="normal" style:font-size-asian="14pt" style:font-style-asian="italic" style:font-weight-asian="normal" style:font-size-complex="14pt" style:font-style-complex="italic" style:font-weight-complex="normal"/></style:style><style:style style:name="Preformatted_20_Text" style:display-name="Preformatted Text" style:family="paragraph" style:parent-style-name="Standard" style:class="html"><style:paragraph-properties fo:margin-top="0cm" fo:margin-bottom="0cm"/><style:text-properties style:font-name="DejaVu Sans Mono" fo:font-size="10pt" style:font-name-asian="DejaVu Sans Mono" style:font-size-asian="10pt" style:font-name-complex="DejaVu Sans Mono" style:font-size-complex="10pt"/></style:style><style:style style:name="Consignes" style:family="paragraph" style:parent-style-name="Text_20_body"><style:text-properties fo:color="#ff00ff" style:font-name="Lucida Sans3" fo:font-style="italic" fo:font-weight="normal" fo:background-color="transparent" style:font-style-asian="italic" style:font-weight-asian="normal" style:font-style-complex="italic" style:font-weight-complex="normal"/></style:style><style:style style:name="Commandes_20__26__20_Listings" style:display-name="Commandes &amp; Listings" style:family="paragraph" style:parent-style-name="Text_20_body" style:master-page-name=""><style:paragraph-properties fo:margin="100%" fo:margin-left="1cm" fo:margin-right="0cm" fo:margin-top="0cm" fo:margin-bottom="0cm" fo:keep-together="always" fo:text-indent="0cm" style:auto-text-indent="false" style:page-number="auto" fo:background-color="#e6e6e6" fo:padding="0.199cm" fo:border-left="0.06pt solid #000000" fo:border-right="none" fo:border-top="none" fo:border-bottom="none" style:shadow="none" fo:keep-with-next="always"><style:tab-stops/><style:background-image/></style:paragraph-properties><style:text-properties style:font-name="Courier New" style:font-size-asian="10.5pt"/></style:style><style:style style:name="Text" style:family="paragraph" style:parent-style-name="Caption" style:class="extra"/><style:style style:name="First_20_line_20_indent" style:display-name="First line indent" style:family="paragraph" style:parent-style-name="Text_20_body" style:class="text"><style:paragraph-properties fo:margin="100%" fo:margin-left="0cm" fo:margin-right="0cm" fo:margin-top="0cm" fo:margin-bottom="0cm" fo:text-indent="0.499cm" style:auto-text-indent="false"/></style:style><style:style style:name="Footnote" style:family="paragraph" style:parent-style-name="Standard" style:class="extra"><style:paragraph-properties fo:margin="100%" fo:margin-left="0.499cm" fo:margin-right="0cm" fo:margin-top="0cm" fo:margin-bottom="0cm" fo:text-indent="-0.499cm" style:auto-text-indent="false" text:number-lines="false" text:line-number="0"/><style:text-properties fo:font-size="10pt" style:font-size-asian="10pt" style:font-size-complex="10pt"/></style:style><style:style style:name="Corps_20_de_20_Texte" style:display-name="Corps de Texte" style:family="paragraph"><style:paragraph-properties fo:margin-top="0cm" fo:margin-bottom="0.106cm" fo:text-align="justify" style:justify-single-word="false" fo:keep-together="always" fo:orphans="2" fo:widows="2" style:register-true="true"/><style:text-properties style:use-window-font-color="true" style:font-name="Arial1" fo:font-size="10pt" fo:language="fr" fo:country="FR" style:font-name-asian="Times New Roman" style:font-size-asian="10pt" style:font-name-complex="Times New Roman" style:font-size-complex="10pt" style:language-complex="ar" style:country-complex="SA"/></style:style><style:style style:name="ListeHierarchique" style:family="paragraph" style:parent-style-name="Corps_20_de_20_Texte" style:list-style-name="WW8Num3" style:master-page-name=""><style:paragraph-properties fo:margin="100%" fo:margin-left="0cm" fo:margin-right="0cm" fo:margin-top="0.109cm" fo:margin-bottom="0.109cm" fo:text-indent="0cm" style:auto-text-indent="false" style:page-number="auto"><style:tab-stops/></style:paragraph-properties><style:text-properties fo:font-size="10pt" style:font-size-asian="10pt"/></style:style><style:style style:name="Numbering_20_Symbols" style:display-name="Numbering Symbols" style:family="text"><style:text-properties fo:color="#0066a2" fo:font-weight="bold"/></style:style><style:style style:name="Internet_20_link" style:display-name="Internet link" style:family="text"><style:text-properties fo:color="#000080" fo:language="zxx" fo:country="none" style:text-underline-style="solid" style:text-underline-width="auto" style:text-underline-color="font-color" style:language-asian="zxx" style:country-asian="none" style:language-complex="zxx" style:country-complex="none"/></style:style><style:style style:name="Emphasis" style:family="text"><style:text-properties fo:font-style="italic" style:font-style-asian="italic" style:font-style-complex="italic"/></style:style><style:style style:name="Bullet_20_Symbols" style:display-name="Bullet Symbols" style:family="text"><style:text-properties fo:color="#0066a2" style:font-name="StarSymbol" fo:font-size="8pt" fo:background-color="transparent" style:font-name-asian="StarSymbol" style:font-size-asian="7pt" style:font-name-complex="StarSymbol" style:font-size-complex="8pt"/></style:style><style:style style:name="Index" style:family="text"/><style:style style:name="User_20_Entry" style:display-name="User Entry" style:family="text"><style:text-properties style:font-name="DejaVu Sans Mono" style:font-name-asian="DejaVu Sans Mono" style:font-name-complex="DejaVu Sans Mono"/></style:style><style:style style:name="Index_20_Link" style:display-name="Index Link" style:family="text"/><style:style style:name="Placeholder" style:family="text"><style:text-properties fo:font-variant="small-caps" fo:color="#008080" style:text-underline-style="dotted" style:text-underline-width="auto" style:text-underline-color="font-color"/></style:style><style:style style:name="TODO" style:family="text"><style:text-properties style:font-name="Lucida Sans" fo:font-size="10pt" fo:background-color="#ffff00" style:font-size-asian="10.5pt"/></style:style><style:style style:name="Technique" style:family="text"><style:text-properties style:font-name="Courier New" fo:font-size="10pt" fo:background-color="#e6e6e6"/></style:style><style:style style:name="Footnote_20_Symbol" style:display-name="Footnote Symbol" style:family="text"/><style:style style:name="Footnote_20_anchor" style:display-name="Footnote anchor" style:family="text"><style:text-properties style:text-position="super 58%"/></style:style><style:style style:name="Visited_20_Internet_20_Link" style:display-name="Visited Internet Link" style:family="text"><style:text-properties fo:color="#800000" fo:language="zxx" fo:country="none" style:text-underline-style="solid" style:text-underline-width="auto" style:text-underline-color="font-color" style:language-asian="zxx" style:country-asian="none" style:language-complex="zxx" style:country-complex="none"/></style:style><style:style style:name="Strong_20_Emphasis" style:display-name="Strong Emphasis" style:family="text"><style:text-properties fo:font-weight="bold" style:font-weight-asian="bold" style:font-weight-complex="bold"/></style:style><style:style style:name="Graphics" style:family="graphic" style:auto-update="true"><style:graphic-properties svg:width="11.552cm" style:rel-width="70%" svg:height="7.758cm" style:rel-height="35%" text:anchor-type="as-char" svg:x="0cm" svg:y="0cm" fo:margin-top="0cm" fo:margin-bottom="0cm" style:wrap="none" style:vertical-pos="top" style:vertical-rel="line" style:horizontal-pos="from-left" style:horizontal-rel="paragraph-content" fo:background-color="transparent" style:background-transparency="100%" style:shadow="none"><style:background-image/></style:graphic-properties></style:style><style:style style:name="Frame" style:family="graphic"><style:graphic-properties text:anchor-type="paragraph" svg:x="0cm" svg:y="0cm" fo:margin-left="0.101cm" fo:margin-right="0.101cm" fo:margin-top="0.101cm" fo:margin-bottom="0.101cm" style:wrap="none" style:vertical-pos="middle" style:vertical-rel="paragraph-content" style:horizontal-pos="center" style:horizontal-rel="paragraph-content" fo:padding="0.15cm" fo:border="0.06pt solid #000000"/></style:style><style:style style:name="Formula" style:family="graphic"><style:graphic-properties text:anchor-type="as-char" svg:y="0cm" fo:margin-left="0.201cm" fo:margin-right="0.201cm" style:vertical-pos="middle" style:vertical-rel="text"/></style:style><style:style style:name="OLE" style:family="graphic"><style:graphic-properties text:anchor-type="paragraph" svg:x="0cm" svg:y="0cm" style:wrap="dynamic" style:number-wrapped-paragraphs="no-limit" style:wrap-contour="false" style:vertical-pos="top" style:vertical-rel="paragraph" style:horizontal-pos="center" style:horizontal-rel="paragraph"/></style:style><text:outline-style style:name="Outline"><text:outline-level-style text:level="1" text:style-name="Numbering_20_Symbols" style:num-suffix=" " style:num-format="1"><style:list-level-properties text:space-before="-2.499cm" text:min-label-width="2.499cm" text:min-label-distance="0.049cm" fo:text-align="end"/></text:outline-level-style><text:outline-level-style text:level="2" text:style-name="Numbering_20_Symbols" style:num-suffix=" " style:num-format="1" text:display-levels="2"><style:list-level-properties text:space-before="-2.499cm" text:min-label-width="2.499cm" text:min-label-distance="0.049cm" fo:text-align="end"/></text:outline-level-style><text:outline-level-style text:level="3" text:style-name="Numbering_20_Symbols" style:num-suffix=" " style:num-format="1" text:display-levels="3"><style:list-level-properties text:space-before="-2.499cm" text:min-label-width="2.499cm" text:min-label-distance="0.049cm" fo:text-align="end"/></text:outline-level-style><text:outline-level-style text:level="4" text:style-name="Numbering_20_Symbols" style:num-suffix=" " style:num-format="1" text:display-levels="4"><style:list-level-properties text:space-before="-2.499cm" text:min-label-width="2.499cm" text:min-label-distance="0.049cm" fo:text-align="end"/></text:outline-level-style><text:outline-level-style text:level="5" text:style-name="Numbering_20_Symbols" style:num-suffix=" " style:num-format="1" text:display-levels="5"><style:list-level-properties fo:text-align="end"/></text:outline-level-style><text:outline-level-style text:level="6" text:style-name="Numbering_20_Symbols" style:num-suffix=" " style:num-format="1" text:display-levels="6"><style:list-level-properties fo:text-align="end"/></text:outline-level-style><text:outline-level-style text:level="7" text:style-name="Numbering_20_Symbols" style:num-suffix=" " style:num-format="1" text:display-levels="7"><style:list-level-properties fo:text-align="end"/></text:outline-level-style><text:outline-level-style text:level="8" text:style-name="Numbering_20_Symbols" style:num-suffix=" " style:num-format="1" text:display-levels="8"><style:list-level-properties fo:text-align="end"/></text:outline-level-style><text:outline-level-style text:level="9" text:style-name="Numbering_20_Symbols" style:num-suffix=" " style:num-format="1" text:display-levels="9"><style:list-level-properties fo:text-align="end"/></text:outline-level-style><text:outline-level-style text:level="10" text:style-name="Numbering_20_Symbols" style:num-suffix=" " style:num-format="1" text:display-levels="10"><style:list-level-properties fo:text-align="end"/></text:outline-level-style></text:outline-style><text:list-style style:name="List_20_1" style:display-name="List 1"><text:list-level-style-bullet text:level="1" text:style-name="Bullet_20_Symbols" text:bullet-char="▸"><style:list-level-properties text:min-label-width="0.499cm"/><style:text-properties style:font-name="OpenSymbol"/></text:list-level-style-bullet><text:list-level-style-bullet text:level="2" text:style-name="Bullet_20_Symbols" text:bullet-char=""><style:list-level-properties text:space-before="0.499cm" text:min-label-width="0.499cm"/><style:text-properties style:font-name="OpenSymbol"/></text:list-level-style-bullet><text:list-level-style-bullet text:level="3" text:style-name="Bullet_20_Symbols" text:bullet-char=""><style:list-level-properties text:space-before="0.999cm" text:min-label-width="0.499cm"/><style:text-properties style:font-name="OpenSymbol"/></text:list-level-style-bullet><text:list-level-style-bullet text:level="4" text:style-name="Numbering_20_Symbols" text:bullet-char="­"><style:list-level-properties text:space-before="1.2cm" text:min-label-width="0.4cm"/><style:text-properties style:font-name="Cantarell"/></text:list-level-style-bullet><text:list-level-style-bullet text:level="5" text:style-name="Numbering_20_Symbols" text:bullet-char="•"><style:list-level-properties text:space-before="1.6cm" text:min-label-width="0.4cm"/><style:text-properties style:font-name="StarSymbol"/></text:list-level-style-bullet><text:list-level-style-bullet text:level="6" text:style-name="Numbering_20_Symbols" text:bullet-char="•"><style:list-level-properties text:space-before="2.001cm" text:min-label-width="0.4cm"/><style:text-properties style:font-name="StarSymbol"/></text:list-level-style-bullet><text:list-level-style-bullet text:level="7" text:style-name="Numbering_20_Symbols" text:bullet-char="•"><style:list-level-properties text:space-before="2.399cm" text:min-label-width="0.4cm"/><style:text-properties style:font-name="StarSymbol"/></text:list-level-style-bullet><text:list-level-style-bullet text:level="8" text:style-name="Numbering_20_Symbols" text:bullet-char="•"><style:list-level-properties text:space-before="2.8cm" text:min-label-width="0.4cm"/><style:text-properties style:font-name="StarSymbol"/></text:list-level-style-bullet><text:list-level-style-bullet text:level="9" text:style-name="Numbering_20_Symbols" text:bullet-char="•"><style:list-level-properties text:space-before="3.2cm" text:min-label-width="0.4cm"/><style:text-properties style:font-name="StarSymbol"/></text:list-level-style-bullet><text:list-level-style-bullet text:level="10" text:style-name="Numbering_20_Symbols" text:bullet-char="•"><style:list-level-properties text:space-before="3.601cm" text:min-label-width="0.4cm"/><style:text-properties style:font-name="StarSymbol"/></text:list-level-style-bullet></text:list-style><text:list-style style:name="List_20_2" style:display-name="List 2"><text:list-level-style-bullet text:level="1" text:style-name="Bullet_20_Symbols" style:num-prefix=" " text:bullet-char=""><style:list-level-properties text:min-label-width="0.499cm"/><style:text-properties fo:font-family="StarSymbol" style:font-charset="x-symbol"/></text:list-level-style-bullet><text:list-level-style-bullet text:level="2" text:style-name="Bullet_20_Symbols" style:num-prefix=" " text:bullet-char=""><style:list-level-properties text:space-before="0.3cm" text:min-label-width="0.3cm"/><style:text-properties fo:font-family="StarSymbol" style:font-charset="x-symbol"/></text:list-level-style-bullet><text:list-level-style-bullet text:level="3" text:style-name="Bullet_20_Symbols" style:num-prefix=" " text:bullet-char=""><style:list-level-properties text:space-before="0.6cm" text:min-label-width="0.3cm"/><style:text-properties fo:font-family="StarSymbol" style:font-charset="x-symbol"/></text:list-level-style-bullet><text:list-level-style-bullet text:level="4" text:style-name="Bullet_20_Symbols" style:num-prefix=" " text:bullet-char="•"><style:list-level-properties text:space-before="0.899cm" text:min-label-width="0.3cm"/><style:text-properties fo:font-family="StarSymbol" style:font-charset="x-symbol"/></text:list-level-style-bullet><text:list-level-style-bullet text:level="5" text:style-name="Bullet_20_Symbols" style:num-prefix=" " text:bullet-char="•"><style:list-level-properties text:space-before="1.199cm" text:min-label-width="0.3cm"/><style:text-properties fo:font-family="StarSymbol" style:font-charset="x-symbol"/></text:list-level-style-bullet><text:list-level-style-bullet text:level="6" text:style-name="Bullet_20_Symbols" style:num-prefix=" " text:bullet-char="•"><style:list-level-properties text:space-before="1.499cm" text:min-label-width="0.3cm"/><style:text-properties fo:font-family="StarSymbol" style:font-charset="x-symbol"/></text:list-level-style-bullet><text:list-level-style-bullet text:level="7" text:style-name="Bullet_20_Symbols" style:num-prefix=" " text:bullet-char="•"><style:list-level-properties text:space-before="1.801cm" text:min-label-width="0.3cm"/><style:text-properties fo:font-family="StarSymbol" style:font-charset="x-symbol"/></text:list-level-style-bullet><text:list-level-style-bullet text:level="8" text:style-name="Bullet_20_Symbols" style:num-prefix=" " text:bullet-char="•"><style:list-level-properties text:space-before="2.101cm" text:min-label-width="0.3cm"/><style:text-properties fo:font-family="StarSymbol" style:font-charset="x-symbol"/></text:list-level-style-bullet><text:list-level-style-bullet text:level="9" text:style-name="Bullet_20_Symbols" style:num-prefix=" " text:bullet-char="•"><style:list-level-properties text:space-before="2.401cm" text:min-label-width="0.3cm"/><style:text-properties fo:font-family="StarSymbol" style:font-charset="x-symbol"/></text:list-level-style-bullet><text:list-level-style-bullet text:level="10" text:style-name="Bullet_20_Symbols" style:num-prefix=" " text:bullet-char="•"><style:list-level-properties text:space-before="2.7cm" text:min-label-width="0.3cm"/><style:text-properties fo:font-family="StarSymbol" style:font-charset="x-symbol"/></text:list-level-style-bullet></text:list-style><text:list-style style:name="List_20_3" style:display-name="List 3"><text:list-level-style-bullet text:level="1" text:style-name="Numbering_20_Symbols" text:bullet-char="☑"><style:list-level-properties text:min-label-width="0.395cm"/><style:text-properties style:font-name="StarSymbol"/></text:list-level-style-bullet><text:list-level-style-bullet text:level="2" text:style-name="Numbering_20_Symbols" text:bullet-char="□"><style:list-level-properties text:space-before="0.395cm" text:min-label-width="0.395cm"/><style:text-properties style:font-name="StarSymbol"/></text:list-level-style-bullet><text:list-level-style-bullet text:level="3" text:style-name="Numbering_20_Symbols" text:bullet-char="☑"><style:list-level-properties text:min-label-width="0.395cm"/><style:text-properties style:font-name="StarSymbol"/></text:list-level-style-bullet><text:list-level-style-bullet text:level="4" text:style-name="Numbering_20_Symbols" text:bullet-char="□"><style:list-level-properties text:space-before="0.395cm" text:min-label-width="0.395cm"/><style:text-properties style:font-name="StarSymbol"/></text:list-level-style-bullet><text:list-level-style-bullet text:level="5" text:style-name="Numbering_20_Symbols" text:bullet-char="☑"><style:list-level-properties text:min-label-width="0.395cm"/><style:text-properties style:font-name="StarSymbol"/></text:list-level-style-bullet><text:list-level-style-bullet text:level="6" text:style-name="Numbering_20_Symbols" text:bullet-char="□"><style:list-level-properties text:space-before="0.395cm" text:min-label-width="0.395cm"/><style:text-properties style:font-name="StarSymbol"/></text:list-level-style-bullet><text:list-level-style-bullet text:level="7" text:style-name="Numbering_20_Symbols" text:bullet-char="☑"><style:list-level-properties text:min-label-width="0.395cm"/><style:text-properties style:font-name="StarSymbol"/></text:list-level-style-bullet><text:list-level-style-bullet text:level="8" text:style-name="Numbering_20_Symbols" text:bullet-char="□"><style:list-level-properties text:space-before="0.395cm" text:min-label-width="0.395cm"/><style:text-properties style:font-name="StarSymbol"/></text:list-level-style-bullet><text:list-level-style-bullet text:level="9" text:style-name="Numbering_20_Symbols" text:bullet-char="☑"><style:list-level-properties text:min-label-width="0.395cm"/><style:text-properties style:font-name="StarSymbol"/></text:list-level-style-bullet><text:list-level-style-bullet text:level="10" text:style-name="Numbering_20_Symbols" text:bullet-char="□"><style:list-level-properties text:space-before="0.395cm" text:min-label-width="0.395cm"/><style:text-properties style:font-name="StarSymbol"/></text:list-level-style-bullet></text:list-style><text:list-style style:name="WW8Num3"><text:list-level-style-bullet text:level="1" text:style-name="Zeichenformat" text:bullet-char=""><style:list-level-properties text:min-label-width="0.6cm"/><style:text-properties style:font-name="Symbol"/></text:list-level-style-bullet><text:list-level-style-bullet text:level="2" text:style-name="Zeichenformat" text:bullet-char=""><style:list-level-properties text:space-before="0.599cm" text:min-label-width="0.6cm"/><style:text-properties style:font-name="Wingdings"/></text:list-level-style-bullet><text:list-level-style-bullet text:level="3" text:style-name="Zeichenformat" text:bullet-char=""><style:list-level-properties text:space-before="1.199cm" text:min-label-width="0.6cm"/><style:text-properties style:font-name="Wingdings1"/></text:list-level-style-bullet><text:list-level-style-bullet text:level="4" text:style-name="Zeichenformat" text:bullet-char=""><style:list-level-properties text:space-before="1.799cm" text:min-label-width="0.6cm"/><style:text-properties style:font-name="Symbol"/></text:list-level-style-bullet><text:list-level-style-bullet text:level="5" text:style-name="Zeichenformat" text:bullet-char=""><style:list-level-properties text:space-before="3.175cm" text:min-label-width="0.635cm"/><style:text-properties style:font-name="Symbol"/></text:list-level-style-bullet><text:list-level-style-bullet text:level="6" text:style-name="Zeichenformat" text:bullet-char=""><style:list-level-properties text:space-before="3.81cm" text:min-label-width="0.635cm"/><style:text-properties style:font-name="Wingdings"/></text:list-level-style-bullet><text:list-level-style-bullet text:level="7" text:style-name="Zeichenformat" text:bullet-char=""><style:list-level-properties text:space-before="4.445cm" text:min-label-width="0.635cm"/><style:text-properties style:font-name="Wingdings"/></text:list-level-style-bullet><text:list-level-style-bullet text:level="8" text:style-name="Zeichenformat" text:bullet-char=""><style:list-level-properties text:space-before="5.08cm" text:min-label-width="0.635cm"/><style:text-properties style:font-name="Symbol"/></text:list-level-style-bullet><text:list-level-style-bullet text:level="9" text:style-name="Zeichenformat" text:bullet-char=""><style:list-level-properties text:space-before="5.715cm" text:min-label-width="0.635cm"/><style:text-properties style:font-name="Symbol"/></text:list-level-style-bullet><text:list-level-style-number text:level="10" style:num-suffix="." style:num-format="1"><style:list-level-properties text:space-before="6.35cm" text:min-label-width="0.635cm"/></text:list-level-style-number></text:list-style><text:notes-configuration text:note-class="footnote" text:citation-style-name="Footnote_20_Symbol" text:citation-body-style-name="Footnote_20_anchor" style:num-format="1" text:start-value="0" text:footnotes-position="page" text:start-numbering-at="document"/><text:notes-configuration text:note-class="endnote" style:num-format="i" text:start-value="0"/><text:linenumbering-configuration text:number-lines="false" text:offset="0.499cm" style:num-format="1" text:number-position="left" text:increment="5"/></office:styles><office:automatic-styles><style:style style:name="Tableau5" style:family="table"><style:table-properties style:width="16.501cm" table:align="margins" fo:keep-with-next="always"/></style:style><style:style style:name="Tableau5.A" style:family="table-column"><style:table-column-properties style:column-width="2.75cm" style:rel-column-width="10921*"/></style:style><style:style style:name="Tableau5.B" style:family="table-column"><style:table-column-properties style:column-width="11cm" style:rel-column-width="43685*"/></style:style><style:style style:name="Tableau5.C" style:family="table-column"><style:table-column-properties style:column-width="2.752cm" style:rel-column-width="10929*"/></style:style><style:style style:name="Tableau5.A1" style:family="table-cell"><style:table-cell-properties style:vertical-align="middle" fo:padding="0.097cm" fo:border="none"/></style:style><style:style style:name="Tableau5.B1" style:family="table-cell"><style:table-cell-properties style:vertical-align="middle" fo:background-color="transparent" fo:padding="0.097cm" fo:border="none"><style:background-image/></style:table-cell-properties></style:style><style:style style:name="Tableau7" style:family="table" style:master-page-name="Standard"><style:table-properties style:width="17cm" style:page-number="auto" table:align="margins"/></style:style><style:style style:name="Tableau7.A" style:family="table-column"><style:table-column-properties style:column-width="17cm" style:rel-column-width="65535*"/></style:style><style:style style:name="Tableau7.1" style:family="table-row"><style:table-row-properties style:min-row-height="0.295cm"/></style:style><style:style style:name="Tableau7.A1" style:family="table-cell"><style:table-cell-properties fo:padding="0.097cm" fo:border="none"/></style:style><style:style style:name="Tableau4" style:family="table"><style:table-properties style:width="17cm" table:align="margins"/></style:style><style:style style:name="Tableau4.A" style:family="table-column"><style:table-column-properties style:column-width="2.822cm" style:rel-column-width="10879*"/></style:style><style:style style:name="Tableau4.B" style:family="table-column"><style:table-column-properties style:column-width="11.097cm" style:rel-column-width="42776*"/></style:style><style:style style:name="Tableau4.C" style:family="table-column"><style:table-column-properties style:column-width="3.082cm" style:rel-column-width="11880*"/></style:style><style:style style:name="Tableau4.A1" style:family="table-cell"><style:table-cell-properties style:vertical-align="middle" fo:background-color="transparent" fo:padding="0.097cm" fo:border="none"><style:background-image/></style:table-cell-properties></style:style><style:style style:name="MP1" style:family="paragraph" style:parent-style-name="Header"><style:paragraph-properties fo:line-height="100%"/></style:style><style:style style:name="MP2" style:family="paragraph" style:parent-style-name="Table_20_Contents"><style:paragraph-properties fo:text-align="center" style:justify-single-word="false"/></style:style><style:style style:name="MP3" style:family="paragraph" style:parent-style-name="Standard"><style:text-properties fo:font-size="2pt" style:font-size-asian="2pt" style:font-size-complex="2pt"/></style:style><style:style style:name="MP4" style:family="paragraph" style:parent-style-name="Footer"><style:text-properties style:font-name="Arial1" fo:font-size="6pt" style:font-size-asian="6pt" style:font-size-complex="6pt"/></style:style><style:style style:name="MP5" style:family="paragraph" style:parent-style-name="Frame_20_contents"><style:paragraph-properties fo:text-align="center" style:justify-single-word="false"/><style:text-properties fo:font-size="9pt" style:font-size-asian="9pt" style:font-size-complex="9pt"/></style:style><style:style style:name="MP6" style:family="paragraph"><style:paragraph-properties fo:text-align="center"/></style:style><style:style style:name="MP7" style:family="paragraph" style:parent-style-name="Title" style:master-page-name="First_20_Page"><style:paragraph-properties fo:margin-left="0cm" fo:margin-right="0cm" fo:margin-top="7.999cm" fo:margin-bottom="0.21cm" fo:line-height="100%" fo:text-align="center" style:justify-single-word="false" style:register-true="true" fo:text-indent="0cm" style:auto-text-indent="false" style:page-number="auto" fo:background-color="transparent" style:shadow="none"><style:tab-stops/><style:background-image/></style:paragraph-properties><style:text-properties fo:font-size="20pt" style:font-name-asian="DejaVu Sans" style:font-size-asian="20pt" style:font-name-complex="DejaVu Sans" style:font-size-complex="20pt"/></style:style><style:style style:name="MP8" style:family="paragraph" style:parent-style-name="Standard" style:master-page-name="Standard"><style:paragraph-properties fo:line-height="0.199cm" fo:text-align="center" style:justify-single-word="false" style:page-number="auto"/><style:text-properties style:font-name="Lucida Sans3" fo:font-size="6pt" fo:font-weight="bold" style:font-size-asian="6pt" style:font-weight-asian="bold" style:font-size-complex="6pt" style:font-weight-complex="bold"/></style:style><style:style style:name="MP9" style:family="paragraph" style:parent-style-name="Standard"><style:paragraph-properties fo:line-height="0.199cm" fo:text-align="center" style:justify-single-word="false"/><style:text-properties style:font-name="Lucida Sans3" fo:font-size="6pt" fo:font-weight="bold" style:font-size-asian="6pt" style:font-weight-asian="bold" style:font-size-complex="6pt" style:font-weight-complex="bold"/></style:style><style:style style:name="MP10" style:family="paragraph" style:parent-style-name="Standard" style:master-page-name=""><style:paragraph-properties fo:margin-top="0.199cm" fo:margin-bottom="0cm" style:page-number="auto" style:vertical-align="bottom"><style:tab-stops><style:tab-stop style:position="16.974cm" style:type="right"/></style:tab-stops></style:paragraph-properties><style:text-properties fo:color="#000000" style:text-outline="false" style:text-line-through-style="none" style:font-name="Lucida Sans3" fo:font-size="6pt" fo:font-style="normal" fo:text-shadow="none" style:text-underline-style="none" fo:font-weight="normal" style:font-name-asian="Lucida Sans3" style:font-size-asian="6pt" style:font-style-asian="normal" style:font-weight-asian="normal" style:font-name-complex="Lucida Sans3" style:font-size-complex="6pt" style:font-style-complex="normal" style:font-weight-complex="normal" style:text-emphasize="none"/></style:style><style:style style:name="MP11" style:family="paragraph" style:parent-style-name="Header"><style:paragraph-properties fo:line-height="100%"><style:tab-stops><style:tab-stop style:position="8.5cm" style:type="center" style:leader-style="solid" style:leader-text="_"/><style:tab-stop style:position="17cm" style:type="right" style:leader-style="solid" style:leader-text="_"/></style:tab-stops></style:paragraph-properties><style:text-properties style:font-name="Arial1" fo:font-size="2pt" fo:font-weight="bold" style:font-size-asian="2pt" style:font-weight-asian="bold" style:font-size-complex="2pt" style:font-weight-complex="bold"/></style:style><style:style style:name="MT1" style:family="text"/><style:style style:name="Mfr1" style:family="graphic" style:parent-style-name="Graphics"><style:graphic-properties style:vertical-pos="top" style:vertical-rel="line" style:horizontal-pos="from-left" style:horizontal-rel="paragraph-content" style:mirror="none" fo:clip="rect(0cm, 0cm, 0cm, 0cm)" draw:luminance="0%" draw:contrast="0%" draw:red="0%" draw:green="0%" draw:blue="0%" draw:gamma="100%" draw:color-inversion="false" draw:image-opacity="100%" draw:color-mode="standard"/></style:style><style:style style:name="Mfr2" style:family="graphic" style:parent-style-name="Frame"><style:graphic-properties fo:margin-left="0cm" fo:margin-right="0cm" fo:margin-top="0cm" fo:margin-bottom="0cm" style:protect="none" style:vertical-pos="from-top" style:vertical-rel="paragraph" style:horizontal-pos="from-left" style:horizontal-rel="paragraph" fo:background-color="transparent" style:background-transparency="100%" fo:padding="0cm" fo:border="none" style:shadow="none"><style:background-image/><style:columns fo:column-count="1" fo:column-gap="0cm"/></style:graphic-properties></style:style><style:style style:name="Mfr3" style:family="graphic" style:parent-style-name="Graphics"><style:graphic-properties style:vertical-pos="from-top" style:vertical-rel="paragraph" style:horizontal-pos="center" style:horizontal-rel="paragraph" style:mirror="none" fo:clip="rect(0cm, 0cm, 0cm, 0cm)" draw:luminance="0%" draw:contrast="0%" draw:red="0%" draw:green="0%" draw:blue="0%" draw:gamma="100%" draw:color-inversion="false" draw:image-opacity="100%" draw:color-mode="standard"/></style:style><style:style style:name="Mgr1" style:family="graphic"><style:graphic-properties draw:stroke="solid" draw:stroke-dash="Ultrafine_20_Dashed" svg:stroke-width="0.011cm" svg:stroke-color="#808080" draw:marker-start-width="0.37cm" draw:marker-end-width="0.37cm" draw:fill="none" draw:textarea-horizontal-align="justify" draw:textarea-vertical-align="middle" draw:auto-grow-height="false" fo:min-height="0cm" fo:min-width="0cm" fo:padding-top="0cm" fo:padding-bottom="0cm" fo:padding-left="0cm" fo:padding-right="0cm" style:protect="position size" style:run-through="foreground" style:vertical-pos="from-top" style:vertical-rel="paragraph" style:horizontal-pos="from-left" style:horizontal-rel="paragraph" draw:wrap-influence-on-position="once-concurrent" style:flow-with-text="false"/></style:style><style:style style:name="Mgr2" style:family="graphic"><style:graphic-properties draw:stroke="solid" draw:stroke-dash="Ultrafine_20_Dashed" svg:stroke-width="0.011cm" svg:stroke-color="#808080" draw:marker-start-width="0.37cm" draw:marker-end-width="0.37cm" draw:fill="none" draw:textarea-horizontal-align="center" draw:textarea-vertical-align="middle" fo:padding-top="0.005cm" fo:padding-bottom="0.005cm" fo:padding-left="0.005cm" fo:padding-right="0.005cm" style:protect="position size" style:run-through="foreground" style:vertical-pos="from-top" style:vertical-rel="paragraph" style:horizontal-pos="from-left" style:horizontal-rel="paragraph" draw:wrap-influence-on-position="once-concurrent" style:flow-with-text="false"/></style:style><style:page-layout style:name="Mpm1"><style:page-layout-properties fo:page-width="21.001cm" fo:page-height="29.7cm" style:num-format="1" style:print-orientation="portrait" fo:margin-top="2cm" fo:margin-bottom="2cm" fo:margin-left="2.499cm" fo:margin-right="2cm" style:shadow="none" fo:background-color="transparent" style:writing-mode="lr-tb" style:footnote-max-height="0cm"><style:background-image/><style:columns fo:column-count="1" fo:column-gap="0cm"/><style:footnote-sep style:width="0.018cm" style:distance-before-sep="0.101cm" style:distance-after-sep="0.101cm" style:line-style="none" style:adjustment="left" style:rel-width="25%" style:color="#000000"/></style:page-layout-properties><style:header-style><style:header-footer-properties fo:min-height="0.6cm" fo:margin-left="0cm" fo:margin-right="0cm" fo:margin-bottom="0.499cm" fo:border-top="none" fo:border-bottom="0.51pt solid #0066a2" fo:border-left="none" fo:border-right="none" fo:padding="0cm" style:shadow="none" style:dynamic-spacing="false"/></style:header-style><style:footer-style><style:header-footer-properties fo:min-height="0.6cm" fo:margin-left="0cm" fo:margin-right="0cm" fo:margin-top="0.499cm" style:dynamic-spacing="false"/></style:footer-style></style:page-layout><style:page-layout style:name="Mpm2"><style:page-layout-properties fo:page-width="21.001cm" fo:page-height="29.7cm" style:num-format="1" style:print-orientation="portrait" fo:margin="2cm" fo:margin-top="2cm" fo:margin-bottom="2cm" fo:margin-left="2cm" fo:margin-right="2cm" fo:background-color="transparent" style:writing-mode="lr-tb" style:footnote-max-height="0cm"><style:background-image/><style:columns fo:column-count="1" fo:column-gap="0cm"/><style:footnote-sep style:width="0.018cm" style:distance-before-sep="0.101cm" style:distance-after-sep="0.101cm" style:line-style="none" style:adjustment="left" style:rel-width="25%" style:color="#000000"/></style:page-layout-properties><style:header-style><style:header-footer-properties svg:height="6.313cm" fo:margin-left="0cm" fo:margin-right="0cm" fo:margin-bottom="0.499cm" style:shadow="none" style:dynamic-spacing="false"/></style:header-style><style:footer-style><style:header-footer-properties fo:min-height="2.499cm" fo:margin-left="0cm" fo:margin-right="0cm" fo:margin-top="0.499cm" style:dynamic-spacing="false"/></style:footer-style></style:page-layout><style:page-layout style:name="Mpm3"><style:page-layout-properties fo:page-width="21.001cm" fo:page-height="29.7cm" style:num-format="i" style:print-orientation="portrait" fo:margin="2cm" fo:margin-top="2cm" fo:margin-bottom="2cm" fo:margin-left="2cm" fo:margin-right="2cm" style:writing-mode="lr-tb" style:footnote-max-height="0cm"><style:footnote-sep style:width="0.018cm" style:distance-before-sep="0.101cm" style:distance-after-sep="0.101cm" style:line-style="none" style:adjustment="left" style:rel-width="25%" style:color="#000000"/></style:page-layout-properties><style:header-style><style:header-footer-properties fo:min-height="0.6cm" fo:margin-left="0cm" fo:margin-right="0cm" fo:margin-bottom="0.499cm" fo:border-top="none" fo:border-bottom="0.06pt solid #0066a2" fo:border-left="none" fo:border-right="none" fo:padding="0cm" style:shadow="none" style:dynamic-spacing="false"/></style:header-style><style:footer-style><style:header-footer-properties fo:min-height="0cm" fo:margin-left="0cm" fo:margin-right="0cm" fo:margin-top="0.499cm"/></style:footer-style></style:page-layout><style:page-layout style:name="Mpm4"><style:page-layout-properties fo:page-width="21.001cm" fo:page-height="29.7cm" style:num-format="1" style:print-orientation="portrait" fo:margin="2cm" fo:margin-top="2cm" fo:margin-bottom="2cm" fo:margin-left="2cm" fo:margin-right="2cm" style:writing-mode="lr-tb" style:footnote-max-height="0cm"><style:footnote-sep style:width="0.018cm" style:distance-before-sep="0.101cm" style:distance-after-sep="0.101cm" style:line-style="none" style:adjustment="left" style:rel-width="25%" style:color="#000000"/></style:page-layout-properties><style:header-style/><style:footer-style/></style:page-layout><style:page-layout style:name="Mpm5"><style:page-layout-properties fo:page-width="21.001cm" fo:page-height="29.7cm" style:num-format="1" style:print-orientation="portrait" fo:margin-top="1cm" fo:margin-bottom="1cm" fo:margin-left="2cm" fo:margin-right="1cm" style:writing-mode="lr-tb" style:footnote-max-height="0cm"><style:footnote-sep style:width="0.018cm" style:distance-before-sep="0.101cm" style:distance-after-sep="0.101cm" style:line-style="none" style:adjustment="left" style:rel-width="25%" style:color="#000000"/></style:page-layout-properties><style:header-style/><style:footer-style/></style:page-layout><number:number-style style:name="N0"><number:number number:min-integer-digits="1"/></number:number-style></office:automatic-styles><office:master-styles><style:master-page style:name="Standard" style:page-layout-name="Mpm1"><style:header><table:table table:name="Tableau5" table:style-name="Tableau5"><table:table-column table:style-name="Tableau5.A"/><table:table-column table:style-name="Tableau5.B"/><table:table-column table:style-name="Tableau5.C"/><table:table-row><table:table-cell table:style-name="Tableau5.A1" office:value-type="string"><text:p text:style-name="Table_20_Contents"><draw:frame draw:style-name="Mfr1" draw:name="graphics3" text:anchor-type="as-char" svg:width="2.554cm" svg:height="0.984cm" draw:z-index="15"><draw:image xlink:href="Pictures/10000201000000720000002C399507E4.png" xlink:type="simple" xlink:show="embed" xlink:actuate="onLoad"/></draw:frame></text:p></table:table-cell><table:table-cell table:style-name="Tableau5.B1" office:value-type="string"><text:p text:style-name="Header"><text:user-defined style:data-style-name="N0" text:name="Projet">QSOS</text:user-defined></text:p><text:p text:style-name="MP1"><text:title>OLAP</text:title></text:p></table:table-cell><table:table-cell table:style-name="Tableau5.A1" office:value-type="string"><text:p text:style-name="MP2"><draw:frame draw:style-name="Mfr1" draw:name="graphics2" text:anchor-type="as-char" svg:width="1.311cm" svg:height="1.266cm" draw:z-index="12"><draw:image xlink:href="Pictures/10000000000000910000008C868D6347.png" xlink:type="simple" xlink:show="embed" xlink:actuate="onLoad"/></draw:frame></text:p></table:table-cell></table:table-row></table:table><text:p text:style-name="MP3"/></style:header><style:footer><text:p text:style-name="MP4"><draw:frame draw:style-name="Mfr2" draw:name="Cadre3" text:anchor-type="paragraph" svg:x="16.799cm" svg:y="-0.499cm" svg:width="0.499cm" draw:z-index="18"><draw:text-box fo:min-height="0.499cm"><text:p text:style-name="MP5"><text:page-number text:select-page="current">1</text:page-number></text:p></draw:text-box></draw:frame><draw:custom-shape text:anchor-type="paragraph" draw:z-index="5" draw:style-name="Mgr1" draw:text-style-name="MP6" svg:width="0.6cm" svg:height="0.6cm" svg:x="16.75cm" svg:y="-0.55cm"><text:p/><draw:enhanced-geometry svg:viewBox="0 0 21600 21600" draw:path-stretchpoint-x="10800" draw:path-stretchpoint-y="10800" draw:text-areas="?f3 ?f4 ?f5 ?f6" draw:type="round-rectangle" draw:modifiers="3600" draw:enhanced-path="M ?f7 0 X 0 ?f8 L 0 ?f9 Y ?f7 21600 L ?f10 21600 X 21600 ?f9 L 21600 ?f8 Y ?f10 0 Z N"><draw:equation draw:name="f0" draw:formula="45"/><draw:equation draw:name="f1" draw:formula="$0 *sin(?f0 *(pi/180))"/><draw:equation draw:name="f2" draw:formula="?f1 *3163/7636"/><draw:equation draw:name="f3" draw:formula="left+?f2 "/><draw:equation draw:name="f4" draw:formula="top+?f2 "/><draw:equation draw:name="f5" draw:formula="right-?f2 "/><draw:equation draw:name="f6" draw:formula="bottom-?f2 "/><draw:equation draw:name="f7" draw:formula="left+$0 "/><draw:equation draw:name="f8" draw:formula="top+$0 "/><draw:equation draw:name="f9" draw:formula="bottom-$0 "/><draw:equation draw:name="f10" draw:formula="right-$0 "/><draw:handle draw:handle-position="$0 top" draw:handle-switched="true" draw:handle-range-x-minimum="0" draw:handle-range-x-maximum="10800"/></draw:enhanced-geometry></draw:custom-shape><draw:line text:anchor-type="paragraph" draw:z-index="9" draw:style-name="Mgr2" draw:text-style-name="MP6" svg:x1="-0.251cm" svg:y1="-0.25cm" svg:x2="16.749cm" svg:y2="-0.25cm"><text:p/></draw:line><text:a xlink:type="simple" xlink:href="http://www.qsos.org/">http://www.qsos.org</text:a><text:tab/>Version : <text:user-defined style:data-style-name="N0" text:name="Version Majeure">1</text:user-defined>.<text:user-defined style:data-style-name="N0" text:name="Version Mineure">0</text:user-defined> ( <text:user-defined style:data-style-name="N0" text:name="Date">28-10-2011</text:user-defined>)<text:tab/><text:a xlink:type="simple" xlink:href="http://www.gnu.org/copyleft/fdl.html">GNU Free Documentation License</text:a></text:p></style:footer></style:master-page><style:master-page style:name="First_20_Page" style:display-name="First Page" style:page-layout-name="Mpm2" style:next-style-name="Page_20_de_20_garde"><style:header><text:p text:style-name="MP7"><draw:frame draw:style-name="Mfr3" draw:name="graphics5" text:anchor-type="char" svg:y="-0.319cm" svg:width="7.751cm" svg:height="3.014cm" draw:z-index="23"><draw:image xlink:href="Pictures/10000201000001F8000000C4A8755632.png" xlink:type="simple" xlink:show="embed" xlink:actuate="onLoad"/></draw:frame><text:subject>Veille technique</text:subject> - <text:title>OLAP</text:title></text:p></style:header><style:footer><table:table table:name="Tableau7" table:style-name="Tableau7"><table:table-column table:style-name="Tableau7.A"/><table:table-row table:style-name="Tableau7.1"><table:table-cell table:style-name="Tableau7.A1" office:value-type="string"><text:p text:style-name="MP8">This document is distributed under the terms of the GNU Free Documentation License</text:p><text:p text:style-name="MP9">Ce document est distribué selon les termes de la licence libre GNU FDL</text:p><text:p text:style-name="MP9"/><text:p text:style-name="MP9">QSOS is a free method sponsored by Atos - QSOS est une méthode libre sponsorisée par Atos</text:p></table:table-cell></table:table-row></table:table><text:p text:style-name="MP10"/></style:footer></style:master-page><style:master-page style:name="Page_20_de_20_garde" style:display-name="Page de garde" style:page-layout-name="Mpm3"><style:header><table:table table:name="Tableau4" table:style-name="Tableau4"><table:table-column table:style-name="Tableau4.A"/><table:table-column table:style-name="Tableau4.B"/><table:table-column table:style-name="Tableau4.C"/><table:table-row><table:table-cell table:style-name="Tableau4.A1" office:value-type="string"><text:p text:style-name="Table_20_Contents"><draw:frame draw:style-name="Mfr1" draw:name="graphics4" text:anchor-type="as-char" svg:width="2.554cm" svg:height="0.984cm" draw:z-index="22"><draw:image xlink:href="Pictures/10000201000000720000002C399507E4.png" xlink:type="simple" xlink:show="embed" xlink:actuate="onLoad"/></draw:frame></text:p></table:table-cell><table:table-cell table:style-name="Tableau4.A1" office:value-type="string"><text:p text:style-name="Header"><text:user-defined style:data-style-name="N0" text:name="Projet">QSOS</text:user-defined></text:p><text:p text:style-name="MP1"><text:title>OLAP</text:title></text:p></table:table-cell><table:table-cell table:style-name="Tableau4.A1" office:value-type="string"><text:p text:style-name="MP2"><draw:frame draw:style-name="Mfr1" draw:name="graphics1" text:anchor-type="as-char" svg:width="1.311cm" svg:height="1.266cm" draw:z-index="14"><draw:image xlink:href="Pictures/10000000000000910000008C868D6347.png" xlink:type="simple" xlink:show="embed" xlink:actuate="onLoad"/></draw:frame></text:p></table:table-cell></table:table-row></table:table><text:p text:style-name="MP11"/></style:header><style:footer><text:p text:style-name="MP4"><draw:custom-shape text:anchor-type="paragraph" draw:z-index="1" draw:style-name="Mgr1" draw:text-style-name="MP6" svg:width="0.6cm" svg:height="0.6cm" svg:x="17.251cm" svg:y="-0.55cm"><text:p/><draw:enhanced-geometry svg:viewBox="0 0 21600 21600" draw:path-stretchpoint-x="10800" draw:path-stretchpoint-y="10800" draw:text-areas="?f3 ?f4 ?f5 ?f6" draw:type="round-rectangle" draw:modifiers="3600" draw:enhanced-path="M ?f7 0 X 0 ?f8 L 0 ?f9 Y ?f7 21600 L ?f10 21600 X 21600 ?f9 L 21600 ?f8 Y ?f10 0 Z N"><draw:equation draw:name="f0" draw:formula="45"/><draw:equation draw:name="f1" draw:formula="$0 *sin(?f0 *(pi/180))"/><draw:equation draw:name="f2" draw:formula="?f1 *3163/7636"/><draw:equation draw:name="f3" draw:formula="left+?f2 "/><draw:equation draw:name="f4" draw:formula="top+?f2 "/><draw:equation draw:name="f5" draw:formula="right-?f2 "/><draw:equation draw:name="f6" draw:formula="bottom-?f2 "/><draw:equation draw:name="f7" draw:formula="left+$0 "/><draw:equation draw:name="f8" draw:formula="top+$0 "/><draw:equation draw:name="f9" draw:formula="bottom-$0 "/><draw:equation draw:name="f10" draw:formula="right-$0 "/><draw:handle draw:handle-position="$0 top" draw:handle-switched="true" draw:handle-range-x-minimum="0" draw:handle-range-x-maximum="10800"/></draw:enhanced-geometry></draw:custom-shape><draw:frame draw:style-name="Mfr2" draw:name="Cadre1" text:anchor-type="paragraph" svg:x="17.3cm" svg:y="-0.499cm" svg:width="0.499cm" draw:z-index="3"><draw:text-box fo:min-height="0.499cm"><text:p text:style-name="MP5"><text:page-number text:select-page="current">iii</text:page-number></text:p></draw:text-box></draw:frame><draw:line text:anchor-type="paragraph" draw:z-index="7" draw:style-name="Mgr2" draw:text-style-name="MP6" svg:x1="-0.251cm" svg:y1="-0.25cm" svg:x2="17.248cm" svg:y2="-0.25cm"><text:p/></draw:line><text:a xlink:type="simple" xlink:href="http://www.qsos.org/">http://www.qsos.org</text:a><text:tab/>Version : <text:user-defined style:data-style-name="N0" text:name="Version Majeure">1</text:user-defined>.<text:user-defined style:data-style-name="N0" text:name="Version Mineure">0</text:user-defined> ( <text:user-defined style:data-style-name="N0" text:name="Date">28-10-2011</text:user-defined>)<text:tab/><text:a xlink:type="simple" xlink:href="http://www.gnu.org/copyleft/fdl.html">GNU Free Documentation License</text:a></text:p></style:footer></style:master-page><style:master-page style:name="Index" style:page-layout-name="Mpm4"/><style:master-page style:name="HTML" style:page-layout-name="Mpm5"/></office:master-styles></office:document-styles>